variant,additional_epoch,eligible,failures,recall_RR,recall_RG,mean_signal_recall,recall_NoR,precision_RR,precision_RG,mAP,acc_bal,macro_F1
baseline,0,True,,0.8883071553228621,0.933739012846518,0.91102308408469,0.3234323432343234,0.8898601398601399,0.9386044404168554,0.701319573444902,0.7151595038012345,0.7116283417800572
control,1,False,recall_RR; mAP,0.887434554973822,0.9341897678611675,0.9108121614174947,0.32673267326732675,0.8885976408912188,0.9392703376387944,0.7011918851032788,0.716118998700772,0.7125116964883172
control,2,False,recall_RR; worst_city_signal_recall,0.8830715532286213,0.9364435429344151,0.9097575480815182,0.33663366336633666,0.8908450704225352,0.938770899231812,0.7024062756319672,0.7187162531764577,0.7149327445994512
supervision,1,False,mAP; recall_NoR,0.8944153577661431,0.9488393058372775,0.9216273318017103,0.16831683168316833,0.8749466495945369,0.9285399205999118,0.6977357619404421,0.6705238317621963,0.6819537287761573
supervision,2,False,mAP; worst_city_signal_recall; recall_NoR,0.893542757417103,0.949290060851927,0.921416409134515,0.12211221122112212,0.8700084961767205,0.9240895129442738,0.6956161202274265,0.6549816764967173,0.6643599280122995
rgb,1,False,recall_RR; mAP; worst_city_signal_recall,0.8856893542757417,0.9339643903538427,0.9098268723147922,0.3234323432343234,0.8887915936952715,0.9384057971014492,0.7010508199282084,0.7143620292879693,0.7106930018694215
rgb,2,False,recall_RR; worst_city_signal_recall,0.8830715532286213,0.934640522875817,0.9088560380522192,0.3333333333333333,0.8908450704225352,0.9386600271616116,0.7021102507561917,0.7170151364792572,0.7122551789619597
combined,1,False,mAP; recall_NoR,0.8944153577661431,0.949290060851927,0.9218527093090351,0.20132013201320131,0.8794508794508794,0.9295961156477599,0.6998717744410587,0.6816751835437572,0.6947126637805482
combined,2,False,mAP; worst_city_signal_recall; recall_NoR; precision_RR,0.8952879581151832,0.9486139283299526,0.9219509432225679,0.12871287128712872,0.868020304568528,0.92403951701427,0.6973631210600306,0.6575382525774215,0.6683695931320394
