file,label,pred,logit_RR,logit_RG,logit_NoR
ATLAS_sample/ATLAS/sample/train/front_medium/images/front_medium_1722622455-950002160.jpg,RR,RR,2.380143880844116,-0.13582268357276917,-1.6337792873382568
ATLAS_sample/ATLAS/sample/train/front_medium/images/front_medium_1722622519-50002175.jpg,RR,RR,2.3188064098358154,-0.12965069711208344,-1.5939406156539917
ATLAS_sample/ATLAS/sample/train/front_medium/images/front_medium_1722622600-950002170.jpg,RG,RG,-0.0655127540230751,1.510417103767395,-1.0581687688827515
ATLAS_sample/ATLAS/sample/train/front_medium/images/front_medium_1723572875-799996169.jpg,RR,RR,2.348681688308716,-0.13761459290981293,-1.6097582578659058
ATLAS_sample/ATLAS/sample/train/front_medium/images/front_medium_1724675138800012165_lat49.011765_lon8.424319.jpg,RR,RR,0.4224957227706909,-0.13419216871261597,-0.22097162902355194
ATLAS_sample/ATLAS/sample/train/front_medium/images/front_medium_1724675247200003670_lat49.009714_lon8.418937.jpg,RR,RR,2.341948986053467,-0.11993490904569626,-1.6176843643188477
ATLAS_sample/ATLAS/sample/train/front_medium/images/front_medium_1724675279500004168_lat49.009715_lon8.418172.jpg,RR,RG,1.5526888370513916,1.6878912448883057,-2.3553590774536133
ATLAS_sample/ATLAS/sample/train/front_medium/images/front_medium_1724675295600000668_lat49.009287_lon8.417431.jpg,RR,RR,1.1512494087219238,-0.1346033811569214,-0.7470447421073914
ATLAS_sample/ATLAS/sample/train/front_medium/images/front_medium_1724675316300006174_lat49.008661_lon8.418426.jpg,RG,RG,-0.15540781617164612,1.8886102437973022,-1.26681649684906
ATLAS_sample/ATLAS/sample/train/front_medium/images/front_medium_1724675340599978670_lat49.007897_lon8.422462.jpg,RR,RG,-0.1559477001428604,0.6837705373764038,-0.3948676586151123
ATLAS_sample/ATLAS/sample/train/front_medium/images/front_medium_1724675346899991663_lat49.007717_lon8.423310.jpg,RR,RR,2.3669052124023438,-0.11102704703807831,-1.6421538591384888
ATLAS_sample/ATLAS/sample/train/front_medium/images/front_medium_1724675800300002674_lat49.008059_lon8.431304.jpg,RG,RG,-0.14200814068317413,2.266200304031372,-1.5496364831924438
ATLAS_sample/ATLAS/sample/train/front_medium/images/front_medium_1724675820800006160_lat49.009081_lon8.431971.jpg,NoR,RG,-0.14335212111473083,0.12403817474842072,0.0009347796440124512
ATLAS_sample/ATLAS/sample/train/front_tele/images/front_tele_1723571917-450182670.jpg,RR,RR,2.1084141731262207,-0.13326190412044525,-1.4393644332885742
ATLAS_sample/ATLAS/sample/train/front_tele/images/front_tele_1723571954-700024161.jpg,NoR,RR,0.051582545042037964,-0.1378898173570633,0.04960954189300537
ATLAS_sample/ATLAS/sample/train/front_tele/images/front_tele_1723571961-700002669.jpg,RR,RR,1.1798217296600342,-0.1259630173444748,-0.7739325761795044
ATLAS_sample/ATLAS/sample/train/front_tele/images/front_tele_1724676339900003175_lat49.010935_lon8.422289.jpg,RG,RG,0.05144268274307251,2.417198419570923,-1.7985930442810059
ATLAS_sample/ATLAS/sample/train/front_tele/images/front_tele_1724676342300003166_lat49.011037_lon8.422585.jpg,RG,RG,-0.12257391214370728,2.109971046447754,-1.4506603479385376
ATLAS_sample/ATLAS/sample/train/front_tele/images/front_tele_1724676526350002172_lat49.006670_lon8.429170.jpg,RG,RR,0.4137071371078491,-0.09539878368377686,-0.2426861971616745
ATLAS_sample/ATLAS/sample/train/front_tele/images/front_tele_1724676533650002163_lat49.006433_lon8.430421.jpg,RR,RR,0.2537383437156677,-0.12103818356990814,-0.10859544575214386
ATLAS_sample/ATLAS/sample/train/front_tele/images/front_tele_1724676584700004170_lat49.007059_lon8.431550.jpg,RG,RG,-0.13351644575595856,2.2972571849823,-1.5782359838485718
ATLAS_sample/ATLAS/sample/train/front_wide/images/front_wide_1724675145099086060_lat49.011628_lon8.423960.jpg,RR,RR,1.2495115995407104,-0.0716419667005539,-0.8635635375976562
ATLAS_sample/ATLAS/sample/train/front_wide/images/front_wide_1724675173548940576_lat49.011557_lon8.423757.jpg,RG,RG,-0.1512601375579834,1.920824646949768,-1.2931156158447266
ATLAS_sample/ATLAS/sample/train/front_wide/images/front_wide_1724675189249841572_lat49.011427_lon8.422897.jpg,RR,RR,0.0637214332818985,-0.13454914093017578,0.038425177335739136
ATLAS_sample/ATLAS/sample/train/front_wide/images/front_wide_1724675195848985072_lat49.011319_lon8.422848.jpg,RG,RG,-0.14066818356513977,2.0794034004211426,-1.4154788255691528
ATLAS_sample/ATLAS/sample/train/front_wide/images/front_wide_1724675217948999080_lat49.011307_lon8.422999.jpg,RG,RG,-0.14264768362045288,0.5635711550712585,-0.31752413511276245
ATLAS_sample/ATLAS/sample/train/front_wide/images/front_wide_1724675298348730080_lat49.009249_lon8.417396.jpg,RR,RR,0.8513185381889343,-0.13023453950881958,-0.5335683822631836
ATLAS_sample/ATLAS/sample/train/front_wide/images/front_wide_1724675328102020564_lat49.008294_lon8.420355.jpg,NoR,RG,-0.15338993072509766,0.7322613596916199,-0.4317924976348877
expanded_test/front_medium/images/front_medium_1704890558-729999088.jpg,RR,RR,2.4166297912597656,0.13289575278759003,-1.8545186519622803
expanded_test/front_medium/images/front_medium_1704890559-805804005.jpg,RR,RR,2.419038772583008,0.11386527121067047,-1.8424923419952393
expanded_test/front_medium/images/front_medium_1704890563-997584758.jpg,RR,RR,2.4500086307525635,-0.12229902297258377,-1.694024682044983
expanded_test/front_medium/images/front_medium_1704890564-42411790.jpg,RR,RR,2.458014488220215,-0.10150030255317688,-1.7148526906967163
expanded_test/front_medium/images/front_medium_1704890570-274288411.jpg,RR,RR,2.2526137828826904,0.1458742767572403,-1.7454400062561035
expanded_test/front_medium/images/front_medium_1704890685-67810317.jpg,RR,RR,2.439349889755249,0.1803687959909439,-1.9052703380584717
expanded_test/front_medium/images/front_medium_1704890687-735215330.jpg,RR,RR,2.4312260150909424,-0.12746433913707733,-1.6767216920852661
expanded_test/front_medium/images/front_medium_1704890693-25684754.jpg,RR,RR,1.9363800287246704,-0.12283192574977875,-1.3226510286331177
expanded_test/front_medium/images/front_medium_1704890795-535260991.jpg,RR,RR,2.304183006286621,1.856661319732666,-3.0202395915985107
expanded_test/front_medium/images/front_medium_1704890796-50839886.jpg,RR,RR,2.438307762145996,0.8166277408599854,-2.3647756576538086
expanded_test/front_medium/images/front_medium_1704890803-21954846.jpg,RR,RR,2.421193838119507,0.013342425227165222,-1.7713325023651123
expanded_test/front_medium/images/front_medium_1704891066-434834534.jpg,RR,RR,2.4302778244018555,-0.11730484664440155,-1.683385968208313
expanded_test/front_medium/images/front_medium_1704891069-236896006.jpg,RG,RG,-0.030941620469093323,1.9256056547164917,-1.3834787607192993
expanded_test/front_medium/images/front_medium_1704891070-200793453.jpg,RG,RG,0.39143919944763184,2.2135486602783203,-1.8968522548675537
expanded_test/front_medium/images/front_medium_1704891133-728121060.jpg,RG,RG,0.4655877947807312,2.447625160217285,-2.1197354793548584
expanded_test/front_medium/images/front_medium_1704891140-497861389.jpg,RG,RG,-0.14132967591285706,2.4604921340942383,-1.6906737089157104
expanded_test/front_medium/images/front_medium_1704891142-425723708.jpg,RR,RR,2.06569766998291,-0.1301204413175583,-1.410783290863037
expanded_test/front_medium/images/front_medium_1704891142-761969169.jpg,RR,RR,2.188532829284668,-0.11353901773691177,-1.511500358581543
expanded_test/front_medium/images/front_medium_1704891201-828375224.jpg,RG,RG,1.22321355342865,2.3307576179504395,-2.582420587539673
expanded_test/front_medium/images/front_medium_1704891202-769893007.jpg,RR,RR,2.2708499431610107,1.8065330982208252,-2.959901809692383
expanded_test/front_medium/images/front_medium_1704891256-905160341.jpg,RG,RG,0.4438380002975464,2.4164931774139404,-2.08150577545166
expanded_test/front_medium/images/front_medium_1704891261-276233515.jpg,RG,RG,1.3008792400360107,2.4530065059661865,-2.72694993019104
expanded_test/front_medium/images/front_medium_1706103469-70755011.jpg,RR,RR,2.330357313156128,-0.12386655807495117,-1.6064677238464355
expanded_test/front_medium/images/front_medium_1706103483-125686596.jpg,RR,RR,2.187209129333496,-0.1260431855916977,-1.5014989376068115
expanded_test/front_medium/images/front_medium_1706103491-980058810.jpg,RR,RR,2.1755599975585938,-0.08878892660140991,-1.5200339555740356
expanded_test/front_medium/images/front_medium_1706103592-606085981.jpg,RR,RR,0.4777801036834717,-0.13827136158943176,-0.25795209407806396
expanded_test/front_medium/images/front_medium_1706103865-321047942.jpg,RR,RR,1.334122896194458,-0.07823356986045837,-0.9199091196060181
expanded_test/front_medium/images/front_medium_1706104001-117973910.jpg,RG,RG,-0.08935269713401794,2.4321603775024414,-1.707721471786499
expanded_test/front_medium/images/front_medium_1706104058-705008032.jpg,RR,RG,1.3507695198059082,1.8343042135238647,-2.315427541732788
expanded_test/front_medium/images/front_medium_1706104066-147212967.jpg,RR,RR,0.09920869767665863,-0.13257282972335815,0.011363506317138672
expanded_test/front_medium/images/front_medium_1706104111-24175320.jpg,RG,RG,-0.16012899577617645,1.6830183267593384,-1.1146849393844604
expanded_test/front_medium/images/front_medium_1706104279-122377720.jpg,RR,RR,1.9389928579330444,-0.03585150092840195,-1.3874582052230835
expanded_test/front_medium/images/front_medium_1706104305-819972692.jpg,RR,RR,1.7443294525146484,1.4979504346847534,-2.356379270553589
expanded_test/front_medium/images/front_medium_1706104395-483519442.jpg,RR,RR,1.8200750350952148,-0.13584275543689728,-1.2292335033416748
expanded_test/front_medium/images/front_medium_1706104411-555908272.jpg,RR,RR,1.9916812181472778,-0.12929703295230865,-1.3579176664352417
expanded_test/front_medium/images/front_medium_1706104599-292069482.jpg,RR,RR,2.3751511573791504,-0.12540695071220398,-1.6377077102661133
expanded_test/front_medium/images/front_medium_1706105403-243480749.jpg,RR,RR,2.3640429973602295,-0.13574126362800598,-1.6222087144851685
expanded_test/front_medium/images/front_medium_1706105608-330764652.jpg,RR,RR,0.7688041925430298,-0.12846150994300842,-0.47525179386138916
expanded_test/front_medium/images/front_medium_1706105650-69551039.jpg,NoR,NoR,-0.16218794882297516,-0.13833703100681305,0.20433706045150757
expanded_test/front_medium/images/front_medium_1721032295-884576982.jpg,NoR,RR,0.07646949589252472,-0.13064733147621155,0.026394888758659363
expanded_test/front_medium/images/front_medium_1721032301-421026355.jpg,RG,NoR,-0.14915452897548676,-0.11615895479917526,0.17887996137142181
expanded_test/front_medium/images/front_medium_1721032302-205589599.jpg,NoR,RG,-0.1428467035293579,0.30333012342453003,-0.12912677228450775
expanded_test/front_medium/images/front_medium_1721032302-497015850.jpg,RG,NoR,-0.12275978922843933,-0.03654184937477112,0.10222180187702179
expanded_test/front_medium/images/front_medium_1721032303-931727080.jpg,RG,RG,-0.1445404589176178,1.1093990802764893,-0.7109988331794739
expanded_test/front_medium/images/front_medium_1721032309-199562609.jpg,RG,RG,-0.15406163036823273,2.3888559341430664,-1.62965726852417
expanded_test/front_medium/images/front_medium_1721032340-470351634.jpg,NoR,NoR,-0.16365914046764374,-0.13609549403190613,0.2037782073020935
expanded_test/front_medium/images/front_medium_1721032341-792917333.jpg,RR,NoR,-0.1572130173444748,-0.13226445019245148,0.19635093212127686
expanded_test/front_medium/images/front_medium_1721032346-590033430.jpg,RR,NoR,-0.09032243490219116,-0.02828843891620636,0.07282230257987976
expanded_test/front_medium/images/front_medium_1721032347-172861371.jpg,RR,NoR,-0.12003989517688751,-0.01760738343000412,0.08656041324138641
expanded_test/front_medium/images/front_medium_1721032349-907591369.jpg,RG,RG,-0.15480513870716095,0.420452356338501,-0.20521341264247894
expanded_test/front_medium/images/front_medium_1721032357-394384224.jpg,NoR,NoR,-0.15770559012889862,-0.045724570751190186,0.1341053545475006
expanded_test/front_medium/images/front_medium_1721032357-461624632.jpg,NoR,NoR,-0.16328434646129608,-0.1080087199807167,0.18319004774093628
expanded_test/front_medium/images/front_medium_1721032402-428714622.jpg,RG,RG,-0.15018503367900848,2.177046060562134,-1.4792380332946777
expanded_test/front_medium/images/front_medium_1721032487-811943990.jpg,RG,RG,-0.1422671377658844,1.8729552030563354,-1.2649832963943481
expanded_test/front_medium/images/front_medium_1721032495-635208034.jpg,RR,RR,1.7459955215454102,-0.1313106268644333,-1.1790051460266113
expanded_test/front_medium/images/front_medium_1721032506-664047794.jpg,RR,RR,2.194774627685547,-0.09025830775499344,-1.532849669456482
expanded_test/front_medium/images/front_medium_1721032508-995314485.jpg,RR,RR,1.8736854791641235,-0.10828182846307755,-1.2878926992416382
expanded_test/front_medium/images/front_medium_1721032522-400220204.jpg,RR,RR,1.9336849451065063,-0.1297493278980255,-1.3157004117965698
expanded_test/front_medium/images/front_medium_1721032537-396626364.jpg,RR,RR,2.0274624824523926,-0.13223399221897125,-1.381637454032898
expanded_test/front_medium/images/front_medium_1721032553-200046590.jpg,RR,RR,1.9726375341415405,-0.1341523677110672,-1.3406504392623901
expanded_test/front_medium/images/front_medium_1721032564-340898943.jpg,RR,RR,2.01495623588562,-0.1332222819328308,-1.371889352798462
expanded_test/front_medium/images/front_medium_1721032601-193057222.jpg,NoR,NoR,-0.16655169427394867,-0.14032483100891113,0.20892690122127533
expanded_test/front_medium/images/front_medium_1721033271-437197270.jpg,RR,RR,0.4713524580001831,-0.1251741498708725,-0.2627837657928467
expanded_test/front_medium/images/front_medium_1721033331-310481941.jpg,NoR,NoR,-0.14031603932380676,-0.04859732836484909,0.12362319231033325
expanded_test/front_medium/images/front_medium_1721033346-665982386.jpg,NoR,NoR,-0.16851836442947388,-0.14070764183998108,0.2106243222951889
expanded_test/front_medium/images/front_medium_1721033387-82238284.jpg,RR,RR,1.647562026977539,1.018665075302124,-1.9397788047790527
expanded_test/front_medium/images/front_medium_1721033397-304076736.jpg,RR,RR,1.4979915618896484,-0.13892629742622375,-0.9943655729293823
expanded_test/front_medium/images/front_medium_1721033401-2709757.jpg,RR,RR,1.4860951900482178,-0.13981863856315613,-0.9851275682449341
expanded_test/front_medium/images/front_medium_1721033440-813893346.jpg,RG,RG,-0.13565658032894135,2.398841142654419,-1.6501741409301758
expanded_test/front_medium/images/front_medium_1721033445-431648374.jpg,RG,RG,-0.10606169700622559,2.3135125637054443,-1.6098251342773438
expanded_test/front_medium/images/front_medium_1721033471-277490424.jpg,RR,RR,0.1140836626291275,-0.13478106260299683,0.0022168904542922974
expanded_test/front_medium/images/front_medium_1721033516-580644770.jpg,NoR,NoR,-0.1639370620250702,-0.13631486892700195,0.2041376382112503
expanded_test/front_medium/images/front_medium_1721665751-289363325.jpg,RR,RR,0.06992585957050323,-0.13186946511268616,0.03200535476207733
expanded_test/front_medium/images/front_medium_1721665773-280394827.jpg,RR,RR,1.939456582069397,-0.11662813276052475,-1.329360842704773
expanded_test/front_medium/images/front_medium_1721665882-581733548.jpg,NoR,RR,0.9643630385398865,-0.0612824484705925,-0.6650977730751038
expanded_test/front_medium/images/front_medium_1721665946-692077000.jpg,NoR,NoR,-0.1548142284154892,-0.04043668508529663,0.12819179892539978
expanded_test/front_medium/images/front_medium_1721665980-585594611.jpg,RG,RG,1.8452919721603394,1.8467146158218384,-2.6815927028656006
expanded_test/front_medium/images/front_medium_1721667811-236981266.jpg,RG,NoR,-0.1555546075105667,-0.08064109086990356,0.15780970454216003
expanded_test/front_medium/images/front_medium_1721667816-885767892.jpg,NoR,NoR,-0.14907537400722504,-0.08820554614067078,0.1586018055677414
expanded_test/front_medium/images/front_medium_1721667850-397476593.jpg,RR,RR,1.7250187397003174,0.012175828218460083,-1.2676492929458618
expanded_test/front_medium/images/front_medium_1721667852-33463879.jpg,RR,RR,1.4578927755355835,-0.0880507379770279,-1.0022051334381104
expanded_test/front_medium/images/front_medium_1721667887-519158326.jpg,RR,RR,2.41123104095459,0.1492367535829544,-1.8624398708343506
expanded_test/front_medium/images/front_medium_1721667992-963430295.jpg,RG,RG,-0.11354188621044159,2.0457866191864014,-1.4107542037963867
expanded_test/front_medium/images/front_medium_1721668054-676747964.jpg,NoR,NoR,-0.10629243403673172,-0.1339273303747177,0.16077446937561035
expanded_test/front_medium/images/front_medium_1721668058-755470360.jpg,NoR,NoR,-0.10861717164516449,-0.09961460530757904,0.13763241469860077
expanded_test/front_medium/images/front_medium_1721668068-282791499.jpg,NoR,RG,-0.09063680469989777,1.9161628484725952,-1.3335309028625488
expanded_test/front_medium/images/front_medium_1721668088-749315495.jpg,RG,RR,2.402003765106201,1.6331491470336914,-2.9292099475860596
expanded_test/front_medium/images/front_medium_1721737528-40633569.jpg,NoR,NoR,-0.15416094660758972,-0.13436312973499298,0.19566459953784943
expanded_test/front_medium/images/front_medium_1721737543-172397153.jpg,RR,RR,2.2716619968414307,0.14341525733470917,-1.7574195861816406
expanded_test/front_medium/images/front_medium_1721737574-375685214.jpg,RR,RR,2.284130573272705,-0.13519692420959473,-1.5648826360702515
expanded_test/front_medium/images/front_medium_1721737684-708036004.jpg,RR,RR,2.1633284091949463,-0.12203364819288254,-1.4871505498886108
expanded_test/front_medium/images/front_medium_1721737694-884969198.jpg,RG,RG,-0.1494315266609192,2.3906400203704834,-1.6342920064926147
expanded_test/front_medium/images/front_medium_1721737714-274700835.jpg,NoR,NoR,-0.1593107134103775,-0.13126026093959808,0.1971396654844284
expanded_test/front_medium/images/front_medium_1721740958-391412006.jpg,RR,RR,2.0387537479400635,0.04942150413990021,-1.521199345588684
expanded_test/front_medium/images/front_medium_1722263834-819358653.jpg,NoR,NoR,-0.15778179466724396,-0.09554556012153625,0.17019999027252197
expanded_test/front_medium/images/front_medium_1722263845-399607569.jpg,RG,RG,-0.07177822291851044,1.9567567110061646,-1.3765170574188232
expanded_test/front_medium/images/front_medium_1722263880-189911282.jpg,RR,RR,0.8251245617866516,-0.07033096998929977,-0.5579818487167358
expanded_test/front_medium/images/front_medium_1722263979-897014065.jpg,RR,NoR,-0.1604745090007782,-0.12333644926548004,0.19224832952022552
expanded_test/front_medium/images/front_medium_1722263985-209653231.jpg,RR,NoR,-0.16015394032001495,-0.12438473105430603,0.19277508556842804
expanded_test/front_medium/images/front_medium_1722264007-984514190.jpg,RG,RG,-0.16171853244304657,0.8671765327453613,-0.5233719348907471
expanded_test/front_medium/images/front_medium_1722264082-92473557.jpg,RR,RR,1.9929264783859253,0.5319840908050537,-1.8371756076812744
expanded_test/front_medium/images/front_medium_1722264091-888354274.jpg,RR,RR,1.917561650276184,0.652475118637085,-1.869901418685913
expanded_test/front_medium/images/front_medium_1722264107-534859574.jpg,RG,RG,-0.15721353888511658,2.214381456375122,-1.501168966293335
expanded_test/front_medium/images/front_medium_1722264137-684679962.jpg,NoR,NoR,-0.16075950860977173,-0.13492071628570557,0.2008340060710907
expanded_test/front_medium/images/front_medium_1722264147-704722442.jpg,NoR,NoR,-0.1566341668367386,-0.13639509677886963,0.19892087578773499
expanded_test/front_medium/images/front_medium_1722264157-590263140.jpg,NoR,NoR,-0.15349455177783966,-0.13713839650154114,0.19719085097312927
expanded_test/front_medium/images/front_medium_1722264299-170318434.jpg,NoR,RG,-0.1312948316335678,1.1047120094299316,-0.7171754837036133
expanded_test/front_medium/images/front_medium_1722264307-934756650.jpg,NoR,NoR,-0.16117286682128906,-0.08872666954994202,0.16771665215492249
expanded_test/front_medium/images/front_medium_1722264371-14230465.jpg,NoR,NoR,-0.15665841102600098,-0.05579882860183716,0.14063653349876404
expanded_test/front_medium/images/front_medium_1722264430-955812081.jpg,RR,RR,2.435203790664673,-0.12596432864665985,-1.6806796789169312
expanded_test/front_medium/images/front_medium_1722264448-574947731.jpg,RR,RR,2.430682897567749,-0.11335527896881104,-1.6865355968475342
expanded_test/front_medium/images/front_medium_1722264546-241850206.jpg,NoR,NoR,-0.13562454283237457,0.01875808835029602,0.07151089608669281
expanded_test/front_medium/images/front_medium_1722264549-626804725.jpg,NoR,NoR,-0.16388866305351257,-0.12350857257843018,0.19483885169029236
expanded_test/front_medium/images/front_medium_1722264687-822948721.jpg,RR,RR,1.7163408994674683,-0.11945170164108276,-1.166164517402649
expanded_test/front_medium/images/front_medium_1722264856-615899726.jpg,NoR,RG,-0.15569476783275604,0.0594874769449234,0.05654451251029968
expanded_test/front_medium/images/front_medium_1722264868-541833732.jpg,NoR,NoR,-0.16031049191951752,-0.1260446459054947,0.1940889209508896
expanded_test/front_medium/images/front_medium_1722264884-771239861.jpg,RG,RG,-0.15147317945957184,0.9924365282058716,-0.6213828921318054
expanded_test/front_medium/images/front_medium_1722264886-744137916.jpg,RR,RR,2.4017422199249268,-0.13002263009548187,-1.6535751819610596
expanded_test/front_medium/images/front_medium_1722264891-429256738.jpg,RR,RR,0.5804533362388611,0.12496666610240936,-0.5225333571434021
expanded_test/front_medium/images/front_medium_1722264918-216622594.jpg,RR,RR,0.7275617718696594,-0.06559883803129196,-0.4909365773200989
expanded_test/front_medium/images/front_medium_1722264955-561995852.jpg,RR,RR,2.2652270793914795,0.039136260747909546,-1.6773381233215332
expanded_test/front_medium/images/front_medium_1722265001-380857014.jpg,RR,RR,1.4119789600372314,-0.0966818556189537,-0.9627985954284668
expanded_test/front_medium/images/front_medium_1722265100-370509534.jpg,RR,RG,1.6279664039611816,2.304429292678833,-2.8557233810424805
expanded_test/front_medium/images/front_medium_1722265114-896165569.jpg,RR,RR,0.928429901599884,-0.06735700368881226,-0.6347495913505554
expanded_test/front_medium/images/front_medium_1722265184-274303889.jpg,RR,RR,1.566715955734253,-0.12433356046676636,-1.054560661315918
expanded_test/front_medium/images/front_medium_1722265376-694690751.jpg,NoR,NoR,-0.1634766012430191,-0.1397589147090912,0.2062964141368866
expanded_test/front_medium/images/front_medium_1722265472-837750196.jpg,RR,RR,2.1083662509918213,-0.1322343647480011,-1.4400731325149536
expanded_test/front_medium/images/front_medium_1722360857-220225074.jpg,NoR,NoR,-0.16186755895614624,-0.13542383909225464,0.20199830830097198
expanded_test/front_medium/images/front_medium_1722360944-935120002.jpg,RR,RR,1.4929081201553345,-0.0059677064418792725,-1.0868736505508423
expanded_test/front_medium/images/front_medium_1722361008-843730833.jpg,RR,RR,0.43481576442718506,-0.13449719548225403,-0.2296496480703354
expanded_test/front_medium/images/front_medium_1722361066-181760333.jpg,RG,RG,-0.1642172783613205,2.427631378173828,-1.6503713130950928
expanded_test/front_medium/images/front_medium_1722361111-574472509.jpg,RR,NoR,-0.16424615681171417,-0.1333068609237671,0.20218494534492493
expanded_test/front_medium/images/front_medium_1722361111-82372976.jpg,RR,NoR,-0.0874491035938263,-0.11697281897068024,0.1348995566368103
expanded_test/front_medium/images/front_medium_1722361138-408377106.jpg,RR,RR,1.31596040725708,-0.13471992313861847,-0.8659292459487915
expanded_test/front_medium/images/front_medium_1722361552-548526057.jpg,RR,NoR,0.017935797572135925,-0.12574078142642975,0.06512382626533508
expanded_test/front_medium/images/front_medium_1722361565-841656082.jpg,RR,RR,0.7645025849342346,-0.04932204633951187,-0.5293928384780884
expanded_test/front_medium/images/front_medium_1722361600-878172944.jpg,RR,RR,0.5477508306503296,-0.10080611705780029,-0.3355928063392639
expanded_test/front_medium/images/front_medium_1722361623-630413250.jpg,RG,NoR,-0.13776995241641998,-0.13176113367080688,0.18194334208965302
expanded_test/front_medium/images/front_medium_1722361635-712144387.jpg,NoR,NoR,-0.12288947403430939,-0.05921179801225662,0.11871448159217834
expanded_test/front_medium/images/front_medium_1722361643-286614183.jpg,NoR,NoR,-0.15219473838806152,-0.1172352060675621,0.18185441195964813
expanded_test/front_medium/images/front_medium_1722361673-259184475.jpg,RR,NoR,-0.042532771825790405,-0.019113712012767792,0.03166753053665161
expanded_test/front_medium/images/front_medium_1722361761-467641196.jpg,RG,RG,-0.13772866129875183,2.3311820030212402,-1.5997341871261597
expanded_test/front_medium/images/front_medium_1722361792-131558124.jpg,NoR,NoR,-0.08252166211605072,-0.06851732730865479,0.09628871828317642
expanded_test/front_medium/images/front_medium_1722361833-42675356.jpg,RR,NoR,-0.12895932793617249,-0.1370047628879547,0.1793726682662964
expanded_test/front_medium/images/front_medium_1722361841-807414728.jpg,RR,NoR,-0.12283305078744888,-0.13632480800151825,0.17445586621761322
expanded_test/front_medium/images/front_medium_1722361848-151219180.jpg,RG,RG,-0.15029612183570862,0.2098328024148941,-0.05611191689968109
expanded_test/front_medium/images/front_medium_1722361962-515689051.jpg,NoR,NoR,-0.16229724884033203,-0.13880684971809387,0.20475587248802185
expanded_test/front_medium/images/front_medium_1722362015-282566441.jpg,RR,NoR,-0.1295047104358673,-0.14002490043640137,0.18195129930973053
expanded_test/front_medium/images/front_medium_1722362081-436163326.jpg,RR,RR,2.326040267944336,-0.1368933618068695,-1.5939264297485352
expanded_test/front_medium/images/front_medium_1722417787-432660778.jpg,RR,NoR,-0.11123859882354736,-0.09715083241462708,0.13774359226226807
expanded_test/front_medium/images/front_medium_1722417891-287238839.jpg,NoR,NoR,-0.14884822070598602,-0.13755068182945251,0.19413310289382935
expanded_test/front_medium/images/front_medium_1722417960-149363056.jpg,RR,RR,2.3811588287353516,-0.1204223707318306,-1.6456525325775146
expanded_test/front_medium/images/front_medium_1722417992-989336017.jpg,RR,RR,2.3650312423706055,-0.12712277472019196,-1.6291569471359253
expanded_test/front_medium/images/front_medium_1722417993-437665901.jpg,RR,RR,2.385904550552368,0.03036119043827057,-1.7581545114517212
expanded_test/front_medium/images/front_medium_1722417998-145161220.jpg,RR,RR,2.011594533920288,-0.12250301241874695,-1.3772153854370117
expanded_test/front_medium/images/front_medium_1722418164-226626044.jpg,RR,RR,2.3182566165924072,0.17554287612438202,-1.814314842224121
expanded_test/front_medium/images/front_medium_1722418185-970388814.jpg,RR,RR,2.355076313018799,0.25635576248168945,-1.8993680477142334
expanded_test/front_medium/images/front_medium_1722418244-902333668.jpg,NoR,NoR,-0.15982219576835632,-0.13054263591766357,0.1969899982213974
expanded_test/front_medium/images/front_medium_1722418253-869001235.jpg,RR,RR,2.3294196128845215,-0.137538343667984,-1.5959006547927856
expanded_test/front_medium/images/front_medium_1722418265-503018261.jpg,RR,RR,2.082948923110962,-0.13681428134441376,-1.4184014797210693
expanded_test/front_medium/images/front_medium_1722418305-426308537.jpg,NoR,RG,-0.14409226179122925,1.4567043781280518,-0.9625568389892578
expanded_test/front_medium/images/front_medium_1722418373-100884092.jpg,NoR,NoR,-0.14513345062732697,-0.08231685310602188,0.1514948308467865
expanded_test/front_medium/images/front_medium_1722421792-152961403.jpg,RR,RR,1.4565346240997314,-0.12470399588346481,-0.9747098684310913
expanded_test/front_medium/images/front_medium_1722421822-347552587.jpg,RG,RG,-0.1428629755973816,2.0672733783721924,-1.4051190614700317
expanded_test/front_medium/images/front_medium_1722421827-144610358.jpg,RG,RG,-0.12550924718379974,2.03574538230896,-1.3948465585708618
expanded_test/front_medium/images/front_medium_1722421851-85009686.jpg,NoR,NoR,-0.15664082765579224,-0.07070773839950562,0.15140865743160248
expanded_test/front_medium/images/front_medium_1722421992-441499769.jpg,RR,RR,2.3382656574249268,-0.0733281746506691,-1.6487385034561157
expanded_test/front_medium/images/front_medium_1722422137-496702588.jpg,RR,RR,1.7242439985275269,-0.10454241931438446,-1.1826579570770264
expanded_test/front_medium/images/front_medium_1722422138-953753184.jpg,RR,RR,1.7969430685043335,-0.09442907571792603,-1.242483377456665
expanded_test/front_medium/images/front_medium_1722422287-595574248.jpg,RR,RR,0.6429901123046875,-0.02517101913690567,-0.45909613370895386
expanded_test/front_medium/images/front_medium_1722422298-176032846.jpg,RG,RG,0.722600519657135,2.318751811981201,-2.212148427963257
expanded_test/front_medium/images/front_medium_1722609849-500032168.jpg,NoR,RG,0.12775586545467377,1.8438720703125,-1.4389797449111938
expanded_test/front_medium/images/front_medium_1722609875-349994160.jpg,NoR,NoR,-0.15195327997207642,-0.1352909356355667,0.19474118947982788
expanded_test/front_medium/images/front_medium_1722609898-50002172.jpg,RR,NoR,-0.10284753888845444,-0.13633902370929718,0.16003084182739258
expanded_test/front_medium/images/front_medium_1722609920-50002673.jpg,NoR,RG,-0.09174513071775436,0.816174328327179,-0.5370189547538757
expanded_test/front_medium/images/front_medium_1722609930-550002173.jpg,NoR,RG,-0.08421562612056732,1.0836197137832642,-0.7359225153923035
expanded_test/front_medium/images/front_medium_1722609946-50002168.jpg,NoR,NoR,0.00893886387348175,-0.13653002679347992,0.07942695915699005
expanded_test/front_medium/images/front_medium_1722609976-50009667.jpg,NoR,NoR,-0.13909021019935608,-0.024236947298049927,0.10511593520641327
expanded_test/front_medium/images/front_medium_1722609979-550014674.jpg,NoR,NoR,-0.16031396389007568,-0.06780634075403214,0.15196290612220764
expanded_test/front_medium/images/front_medium_1722610168-600002668.jpg,NoR,NoR,-0.16192814707756042,-0.13404306769371033,0.2010432481765747
expanded_test/front_medium/images/front_medium_1722610176-100002667.jpg,NoR,NoR,-0.1594051867723465,-0.13551418483257294,0.20028512179851532
expanded_test/front_medium/images/front_medium_1722610229-100002170.jpg,RR,RR,1.6579173803329468,1.099270224571228,-2.0055668354034424
expanded_test/front_medium/images/front_medium_1722610272-600002667.jpg,RR,RR,1.9439090490341187,-0.08324726670980453,-1.3567239046096802
expanded_test/front_medium/images/front_medium_1722610283-600002169.jpg,RR,RR,1.8787556886672974,-0.09940958023071289,-1.2979727983474731
expanded_test/front_medium/images/front_medium_1722610325-700000668.jpg,NoR,NoR,-0.15680310130119324,-0.12719765305519104,0.19238963723182678
expanded_test/front_medium/images/front_medium_1722610339-250005666.jpg,RG,RG,-0.12849223613739014,2.400815010070801,-1.6567766666412354
expanded_test/front_medium/images/front_medium_1722610392-249984174.jpg,NoR,RG,-0.03156386315822601,0.19787485897541046,-0.13322074711322784
expanded_test/front_medium/images/front_medium_1722610406-250001666.jpg,RR,RR,2.302147626876831,-0.13438597321510315,-1.578482747077942
expanded_test/front_medium/images/front_medium_1722610406-750003167.jpg,RR,RR,2.1650142669677734,-0.12768109142780304,-1.4842829704284668
expanded_test/front_medium/images/front_medium_1722610417-750002670.jpg,RR,RR,1.6412585973739624,1.343278408050537,-2.1700453758239746
expanded_test/front_medium/images/front_medium_1722610423-250002162.jpg,RR,RR,1.8119510412216187,1.733737826347351,-2.5757858753204346
expanded_test/front_medium/images/front_medium_1722610459-750002170.jpg,RR,RR,1.9760926961898804,1.8650344610214233,-2.789320707321167
expanded_test/front_medium/images/front_medium_1722610516-100002671.jpg,RR,RR,2.3220701217651367,-0.07378127425909042,-1.636712908744812
expanded_test/front_medium/images/front_medium_1722610530-600002667.jpg,RR,RR,2.3381989002227783,0.0003014206886291504,-1.7019524574279785
expanded_test/front_medium/images/front_medium_1722610662-500002672.jpg,RR,NoR,-0.08344998210668564,-0.1365979164838791,0.14620748162269592
expanded_test/front_medium/images/front_medium_1722610732-700002661.jpg,NoR,NoR,-0.11096391081809998,-0.045219555497169495,0.09997905790805817
expanded_test/front_medium/images/front_medium_1722622311-50002166.jpg,RR,RR,2.4364964962005615,-0.13204705715179443,-1.677213430404663
expanded_test/front_medium/images/front_medium_1722622333-550002162.jpg,RR,RR,2.4395759105682373,-0.13056156039237976,-1.6805121898651123
expanded_test/front_medium/images/front_medium_1722622361-350002173.jpg,NoR,RG,-0.15321378409862518,1.1220771074295044,-0.7139052748680115
expanded_test/front_medium/images/front_medium_1722622467-950002173.jpg,RR,RR,2.2929344177246094,-0.13679206371307373,-1.5700875520706177
expanded_test/front_medium/images/front_medium_1722622469-950002160.jpg,RR,RR,2.341801881790161,-0.1339832842350006,-1.6074159145355225
expanded_test/front_medium/images/front_medium_1722622471-950002163.jpg,RR,RR,2.330629348754883,-0.13566790521144867,-1.5981274843215942
expanded_test/front_medium/images/front_medium_1722622475-450002172.jpg,RR,RR,2.3489487171173096,-0.13824138045310974,-1.6094977855682373
expanded_test/front_medium/images/front_medium_1722622496-450002166.jpg,RG,RG,-0.030515745282173157,2.092054605484009,-1.5041923522949219
expanded_test/front_medium/images/front_medium_1722622617-850002167.jpg,RG,RG,0.6065308451652527,2.3926897048950195,-2.181797981262207
expanded_test/front_medium/images/front_medium_1722622641-250002174.jpg,RR,NoR,-0.06753499060869217,-0.13945825397968292,0.13678137958049774
expanded_test/front_medium/images/front_medium_1722622651-750002172.jpg,RR,RR,2.231966018676758,-0.13669231534004211,-1.526123046875
expanded_test/front_medium/images/front_medium_1722622735-150002165.jpg,RR,RR,0.15406270325183868,-0.08792097866535187,-0.06055726110935211
expanded_test/front_medium/images/front_medium_1722622741-150002174.jpg,RR,RR,1.7262681722640991,0.18381677567958832,-1.3927136659622192
expanded_test/front_medium/images/front_medium_1722847937-171000000.jpg,RR,RR,0.11026106774806976,-0.11085007339715958,-0.012333348393440247
expanded_test/front_medium/images/front_medium_1722847941-246000000.jpg,RR,RR,2.304245948791504,-0.1299741268157959,-1.583189845085144
expanded_test/front_medium/images/front_medium_1722847952-466000000.jpg,RR,RR,2.4204790592193604,-0.13672807812690735,-1.6622580289840698
expanded_test/front_medium/images/front_medium_1722847955-526000000.jpg,RR,RR,2.3983051776885986,-0.12598741054534912,-1.654011607170105
expanded_test/front_medium/images/front_medium_1722847960-621000000.jpg,RR,RR,2.251600980758667,-0.04937320202589035,-1.6034700870513916
expanded_test/front_medium/images/front_medium_1722847975-931000000.jpg,RR,RR,2.424285888671875,-0.12742024660110474,-1.6717407703399658
expanded_test/front_medium/images/front_medium_1722848028-1981000000.jpg,NoR,NoR,-0.16527391970157623,-0.13532941043376923,0.20439036190509796
expanded_test/front_medium/images/front_medium_1722848048-2386000000.jpg,NoR,NoR,-0.16713859140872955,-0.13911332190036774,0.20847441256046295
expanded_test/front_medium/images/front_medium_1722848060-2631000000.jpg,NoR,NoR,-0.1651930958032608,-0.13859286904335022,0.20669272541999817
expanded_test/front_medium/images/front_medium_1722848071-2851000000.jpg,NoR,RG,-0.1448618620634079,0.8111029267311096,-0.4949847459793091
expanded_test/front_medium/images/front_medium_1722848122-3866000000.jpg,RR,RR,1.5580042600631714,-0.0022789835929870605,-1.136560320854187
expanded_test/front_medium/images/front_medium_1722848162-4671000000.jpg,NoR,RR,0.06400012969970703,-0.12907271087169647,0.03426232933998108
expanded_test/front_medium/images/front_medium_1722848228-5991000000.jpg,NoR,NoR,-0.16385576128959656,-0.06362144649028778,0.1514938324689865
expanded_test/front_medium/images/front_medium_1722848235-6131000000.jpg,NoR,NoR,-0.1635361909866333,-0.13870497047901154,0.2055770456790924
expanded_test/front_medium/images/front_medium_1722848284-7106000000.jpg,RG,RG,0.2681289315223694,2.2932727336883545,-1.865457534790039
expanded_test/front_medium/images/front_medium_1722848344-8311000000.jpg,RR,RR,2.186614513397217,-0.128275066614151,-1.4994549751281738
expanded_test/front_medium/images/front_medium_1722848363-8686000000.jpg,RR,RR,2.4148597717285156,-0.10191646963357925,-1.683381199836731
expanded_test/front_medium/images/front_medium_1722848369-8811000000.jpg,RR,RR,2.417330503463745,-0.07700995355844498,-1.7031828165054321
expanded_test/front_medium/images/front_medium_1722848422-9871000000.jpg,RR,RR,2.3727848529815674,-0.04258030652999878,-1.6959137916564941
expanded_test/front_medium/images/front_medium_1722848434-10106000000.jpg,NoR,NoR,-0.13325759768486023,-0.13864535093307495,0.18366403877735138
expanded_test/front_medium/images/front_medium_1722848437-10161000000.jpg,NoR,NoR,-0.16708515584468842,-0.14037573337554932,0.20934902131557465
expanded_test/front_medium/images/front_medium_1722848456-10541000000.jpg,NoR,RG,-0.16639447212219238,0.08721350133419037,0.044216275215148926
expanded_test/front_medium/images/front_medium_1722848456-10551000000.jpg,NoR,NoR,-0.16281738877296448,-0.13469240069389343,0.2021552473306656
expanded_test/front_medium/images/front_medium_1722848462-10661000000.jpg,NoR,NoR,-0.16278180480003357,-0.13193854689598083,0.2001374512910843
expanded_test/front_medium/images/front_medium_1722848499-11406000000.jpg,NoR,NoR,-0.16319243609905243,-0.13583144545555115,0.20325011014938354
expanded_test/front_medium/images/front_medium_1722848510-11626000000.jpg,NoR,NoR,-0.16750822961330414,-0.1404125839471817,0.20968125760555267
expanded_test/front_medium/images/front_medium_1722848512-11666000000.jpg,NoR,NoR,-0.16693253815174103,-0.08027499914169312,0.1657630354166031
expanded_test/front_medium/images/front_medium_1722848528-11991000000.jpg,RR,RR,2.2640058994293213,-0.07673246413469315,-1.5926389694213867
expanded_test/front_medium/images/front_medium_1722848556-12551000000.jpg,RR,RR,0.9471363425254822,-0.04979782551527023,-0.6609629392623901
expanded_test/front_medium/images/front_medium_1722848598-13386000000.jpg,RR,RR,0.27284473180770874,-0.011628031730651855,-0.20154105126857758
expanded_test/front_medium/images/front_medium_1722848616-13746000000.jpg,RR,RR,2.29950213432312,-0.07290112227201462,-1.621048927307129
expanded_test/front_medium/images/front_medium_1722848641-14246000000.jpg,RG,RG,0.027082234621047974,2.3634908199310303,-1.7421467304229736
expanded_test/front_medium/images/front_medium_1722848670-14831000000.jpg,NoR,RR,0.3073626160621643,-0.1341845691204071,-0.137817844748497
expanded_test/front_medium/images/front_medium_1722848678-14981000000.jpg,NoR,NoR,-0.05164780467748642,-0.12838536500930786,0.11729631572961807
expanded_test/front_medium/images/front_medium_1722848681-15051000000.jpg,NoR,RR,2.1700339317321777,-0.11426495760679245,-1.497613787651062
expanded_test/front_medium/images/front_medium_1722848727-15961000000.jpg,NoR,NoR,-0.16462001204490662,-0.14004802703857422,0.20733141899108887
expanded_test/front_medium/images/front_medium_1722848732-16061000000.jpg,NoR,NoR,-0.1635749340057373,-0.13399243354797363,0.20219607651233673
expanded_test/front_medium/images/front_medium_1722848738-16181000000.jpg,NoR,NoR,-0.16682186722755432,-0.1403224617242813,0.20912031829357147
expanded_test/front_medium/images/front_medium_1722848746-16351000000.jpg,NoR,RG,-0.16668011248111725,0.09679774940013885,0.037489548325538635
expanded_test/front_medium/images/front_medium_1722848755-16526000000.jpg,NoR,NoR,-0.16622692346572876,-0.14068603515625,0.2089536041021347
expanded_test/front_medium/images/front_medium_1722848756-16546000000.jpg,NoR,NoR,-0.16462910175323486,-0.1260458081960678,0.19720903038978577
expanded_test/front_medium/images/front_medium_1722848814-17701000000.jpg,RG,RG,1.20005464553833,2.437889814376831,-2.643190383911133
expanded_test/front_medium/images/front_medium_1722848846-18351000000.jpg,NoR,NoR,-0.16372798383235931,-0.13997413218021393,0.20663365721702576
expanded_test/front_medium/images/front_medium_1722848864-18711000000.jpg,NoR,NoR,-0.16818875074386597,-0.14048045873641968,0.21022188663482666
expanded_test/front_medium/images/front_medium_1722848906-19546000000.jpg,NoR,NoR,-0.16669242084026337,-0.1411413997411728,0.20961922407150269
expanded_test/front_medium/images/front_medium_1722848930-20021000000.jpg,RG,RG,1.713802456855774,2.12931489944458,-2.7910473346710205
expanded_test/front_medium/images/front_medium_1722848934-20101000000.jpg,RG,RG,-0.15276670455932617,2.3403263092041016,-1.595487117767334
expanded_test/front_medium/images/front_medium_1722848941-20251000000.jpg,RG,RG,-0.11432026326656342,2.18617844581604,-1.5117487907409668
expanded_test/front_medium/images/front_medium_1722848951-20441000000.jpg,RR,RR,1.422055959701538,0.5968993306159973,-1.4718008041381836
expanded_test/front_medium/images/front_medium_1722848965-20731000000.jpg,RR,RR,1.6970012187957764,-0.12001032382249832,-1.1517915725708008
expanded_test/front_medium/images/front_medium_1722848989-21206000000.jpg,RR,RR,1.8283710479736328,-0.1311119794845581,-1.238647699356079
expanded_test/front_medium/images/front_medium_1722848993-21281000000.jpg,RR,RR,1.968739628791809,-0.13285870850086212,-1.338770866394043
expanded_test/front_medium/images/front_medium_1722849010-21631000000.jpg,RR,RR,1.4808251857757568,-0.13012398779392242,-0.9883338212966919
expanded_test/front_medium/images/front_medium_1722849022-21861000000.jpg,RG,RG,1.7107231616973877,2.414618492126465,-2.995206356048584
expanded_test/front_medium/images/front_medium_1722849022-21866000000.jpg,RG,RG,1.8196642398834229,2.408527135848999,-3.0694870948791504
expanded_test/front_medium/images/front_medium_1722849031-22046000000.jpg,RG,RG,1.7152454853057861,2.386697292327881,-2.9782750606536865
expanded_test/front_medium/images/front_medium_1722849039-22201000000.jpg,RG,RG,-0.14791688323020935,2.3703365325927734,-1.6206988096237183
expanded_test/front_medium/images/front_medium_1722849042-22266000000.jpg,RG,RG,-0.14418509602546692,2.4028160572052,-1.6468894481658936
expanded_test/front_medium/images/front_medium_1722849067-22761000000.jpg,NoR,NoR,-0.150941401720047,-0.13145588338375092,0.19123610854148865
expanded_test/front_medium/images/front_medium_1722849082-23066000000.jpg,NoR,NoR,-0.16575410962104797,-0.1373906284570694,0.20622825622558594
expanded_test/front_medium/images/front_medium_1722849090-23226000000.jpg,NoR,NoR,-0.1631334125995636,-0.13964712619781494,0.20596766471862793
expanded_test/front_medium/images/front_medium_1722849102-23466000000.jpg,NoR,NoR,-0.16034695506095886,-0.13472792506217957,0.2003965824842453
expanded_test/front_medium/images/front_medium_1722849128-23991000000.jpg,NoR,NoR,-0.16755571961402893,-0.14148972928524017,0.2104947417974472
expanded_test/front_medium/images/front_medium_1722849145-24326000000.jpg,RG,RG,-0.1043764054775238,2.2405381202697754,-1.5582538843154907
expanded_test/front_medium/images/front_medium_1722849160-24621000000.jpg,RR,RR,1.8399518728256226,0.2985442280769348,-1.5578179359436035
expanded_test/front_medium/images/front_medium_1722849194-25301000000.jpg,NoR,NoR,-0.16597574949264526,-0.14060960710048676,0.20871689915657043
expanded_test/front_medium/images/front_medium_1722849194-25306000000.jpg,NoR,NoR,-0.16590319573879242,-0.14029578864574432,0.2084374725818634
expanded_test/front_medium/images/front_medium_1722849217-25761000000.jpg,NoR,NoR,-0.1618097573518753,-0.08829144388437271,0.16786184906959534
expanded_test/front_medium/images/front_medium_1722849283-27081000000.jpg,NoR,NoR,-0.16009242832660675,-0.07245584577322006,0.15516626834869385
expanded_test/front_medium/images/front_medium_1722849292-27266000000.jpg,NoR,NoR,-0.16411159932613373,-0.1355750858783722,0.2037285566329956
expanded_test/front_medium/images/front_medium_1722849330-28021000000.jpg,NoR,NoR,-0.16266749799251556,-0.06576482206583023,0.15218603610992432
expanded_test/front_medium/images/front_medium_1722849354-28511000000.jpg,NoR,NoR,-0.15266793966293335,-0.07875805348157883,0.1543625444173813
expanded_test/front_medium/images/front_medium_1722849373-28891000000.jpg,NoR,NoR,-0.1593625843524933,-0.09676964581012726,0.17222726345062256
expanded_test/front_medium/images/front_medium_1722849391-29246000000.jpg,RR,RR,2.031938076019287,-0.0963716208934784,-1.4108123779296875
expanded_test/front_medium/images/front_medium_1722849392-29266000000.jpg,RR,RR,0.3657061457633972,-0.1149885505437851,-0.1938447505235672
expanded_test/front_medium/images/front_medium_1722849431-30041000000.jpg,RR,RR,2.422988176345825,-0.0853174552321434,-1.7012598514556885
expanded_test/front_medium/images/front_medium_1722849440-30226000000.jpg,RR,RR,1.090457797050476,0.5627450942993164,-1.2075846195220947
expanded_test/front_medium/images/front_medium_1722849461-30651000000.jpg,RG,RG,-0.0401904433965683,2.0018153190612793,-1.4319270849227905
expanded_test/front_medium/images/front_medium_1722849462-30666000000.jpg,RG,RG,0.027343884110450745,1.6053552627563477,-1.193914532661438
expanded_test/front_medium/images/front_medium_1722849509-31611000000.jpg,NoR,NoR,-0.15830494463443756,-0.10451110452413559,0.17706337571144104
expanded_test/front_medium/images/front_medium_1722849517-31761000000.jpg,NoR,NoR,-0.16286171972751617,-0.12969887256622314,0.19857504963874817
expanded_test/front_medium/images/front_medium_1722849538-32181000000.jpg,NoR,NoR,-0.1674220860004425,-0.1415604203939438,0.21044936776161194
expanded_test/front_medium/images/front_medium_1722849557-32571000000.jpg,NoR,NoR,-0.1667160838842392,-0.1379462629556656,0.2073250114917755
expanded_test/front_medium/images/front_medium_1722849566-32741000000.jpg,NoR,NoR,-0.16651180386543274,-0.1386074423789978,0.20765574276447296
expanded_test/front_medium/images/front_medium_1722849616-33751000000.jpg,NoR,NoR,-0.1454429179430008,-0.10678796470165253,0.1694203019142151
expanded_test/front_medium/images/front_medium_1722849639-34201000000.jpg,NoR,NoR,-0.15236124396324158,-0.13119012117385864,0.192069411277771
expanded_test/front_medium/images/front_medium_1722849641-34251000000.jpg,NoR,NoR,-0.14568132162094116,-0.12009904533624649,0.1792214959859848
expanded_test/front_medium/images/front_medium_1722849654-34506000000.jpg,NoR,NoR,-0.15763820707798004,-0.12735530734062195,0.19310687482357025
expanded_test/front_medium/images/front_medium_1722849662-34661000000.jpg,NoR,NoR,-0.06418608874082565,-0.09786348789930344,0.10427361726760864
expanded_test/front_medium/images/front_medium_1722849689-35201000000.jpg,RG,RG,-0.1270979791879654,2.3628931045532227,-1.6303516626358032
expanded_test/front_medium/images/front_medium_1722849694-35306000000.jpg,RR,RR,2.2460179328918457,0.24217776954174042,-1.810340166091919
expanded_test/front_medium/images/front_medium_1722849703-35491000000.jpg,RR,RR,2.3705711364746094,-0.12328726053237915,-1.6359328031539917
expanded_test/front_medium/images/front_medium_1722849708-35591000000.jpg,RR,RR,2.4000349044799805,-0.08610573410987854,-1.6841106414794922
expanded_test/front_medium/images/front_medium_1722849730-36031000000.jpg,NoR,NoR,-0.16735702753067017,-0.1411665827035904,0.21011748909950256
expanded_test/front_medium/images/front_medium_1722849756-36541000000.jpg,NoR,NoR,-0.16567014157772064,-0.13715019822120667,0.2059936821460724
expanded_test/front_medium/images/front_medium_1722849778-36991000000.jpg,NoR,NoR,-0.16078892350196838,-0.13812917470932007,0.20317621529102325
expanded_test/front_medium/images/front_medium_1722849786-37146000000.jpg,NoR,NoR,-0.13677945733070374,-0.1389467418193817,0.1864258497953415
expanded_test/front_medium/images/front_medium_1722849822-37866000000.jpg,NoR,RR,1.1826750040054321,0.7040067315101624,-1.3763782978057861
expanded_test/front_medium/images/front_medium_1722849839-38201000000.jpg,NoR,NoR,-0.161446213722229,-0.12643194198608398,0.19518940150737762
expanded_test/front_medium/images/front_medium_1722849872-38866000000.jpg,NoR,NoR,-0.16824860870838165,-0.1365344375371933,0.20741064846515656
expanded_test/front_medium/images/front_medium_1722849902-39461000000.jpg,NoR,RG,0.281696081161499,1.3599436283111572,-1.200103998184204
expanded_test/front_medium/images/front_medium_1722849913-39691000000.jpg,NoR,NoR,-0.16314144432544708,-0.1298600286245346,0.19889365136623383
expanded_test/front_medium/images/front_medium_1722849942-40266000000.jpg,NoR,NoR,-0.16710367798805237,-0.04375487565994263,0.13946865499019623
expanded_test/front_medium/images/front_medium_1722850001-41446000000.jpg,NoR,NoR,-0.16629956662654877,-0.13709203898906708,0.20640623569488525
expanded_test/front_medium/images/front_medium_1722850004-41506000000.jpg,NoR,NoR,-0.1665372997522354,-0.11702591180801392,0.19206248223781586
expanded_test/front_medium/images/front_medium_1722850038-42186000000.jpg,NoR,NoR,-0.15353773534297943,-0.13414894044399261,0.19505953788757324
expanded_test/front_medium/images/front_medium_1722850047-42371000000.jpg,NoR,RR,0.2007635086774826,0.023841291666030884,-0.17513547837734222
expanded_test/front_medium/images/front_medium_1722958971-500002172.jpg,RR,RR,0.07673516869544983,-0.10699748992919922,0.009095162153244019
expanded_test/front_medium/images/front_medium_1722959043-2169.jpg,RG,RG,0.17128844559192657,1.2318767309188843,-1.0277166366577148
expanded_test/front_medium/images/front_medium_1722959070-200011669.jpg,RG,NoR,-0.1595882922410965,-0.03557875007390976,0.12812592089176178
expanded_test/front_medium/images/front_medium_1722959168-950002666.jpg,NoR,RG,0.030066832900047302,0.7866225242614746,-0.6036250591278076
expanded_test/front_medium/images/front_medium_1722959261-750037669.jpg,NoR,NoR,-0.1594555526971817,-0.12824131548404694,0.19506043195724487
expanded_test/front_medium/images/front_medium_1722959310-2164.jpg,RR,RR,2.4416263103485107,-0.12270181626081467,-1.6876788139343262
expanded_test/front_medium/images/front_medium_1722959312-500002172.jpg,RR,RR,2.441636562347412,-0.11807594448328018,-1.6910325288772583
expanded_test/front_medium/images/front_medium_1722959445-499932669.jpg,NoR,NoR,-0.16740544140338898,-0.13736164569854736,0.20740002393722534
expanded_test/front_medium/images/front_medium_1722959505-99999662.jpg,NoR,NoR,-0.13763239979743958,-0.03364930301904678,0.11087169498205185
expanded_test/front_medium/images/front_medium_1722961419-350000675.jpg,RR,RR,2.1246743202209473,0.010435342788696289,-1.5550569295883179
expanded_test/front_medium/images/front_medium_1722961459-449976664.jpg,RG,RG,1.5377298593521118,2.297715902328491,-2.7856900691986084
expanded_test/front_medium/images/front_medium_1722961487-900004672.jpg,RG,NoR,-0.16360145807266235,-0.038975223898887634,0.13348151743412018
expanded_test/front_medium/images/front_medium_1722961578-950002668.jpg,RR,RG,-0.12445484101772308,0.48948246240615845,-0.27707022428512573
expanded_test/front_medium/images/front_medium_1722961579-450002674.jpg,RR,NoR,0.00010116398334503174,-0.09679658710956573,0.057067885994911194
expanded_test/front_medium/images/front_medium_1722961586-700001661.jpg,RR,RR,2.103487491607666,0.9320659637451172,-2.206444501876831
expanded_test/front_medium/images/front_medium_1722961799-650221669.jpg,NoR,NoR,-0.1673402041196823,-0.12951041758060455,0.2016734778881073
expanded_test/front_medium/images/front_medium_1722961838-749899671.jpg,NoR,RG,-0.16506315767765045,0.14123816788196564,0.00417424738407135
expanded_test/front_medium/images/front_medium_1723482899-500003160.jpg,RR,RR,1.7855908870697021,-0.126022070646286,-1.2114299535751343
expanded_test/front_medium/images/front_medium_1723482942-500015172.jpg,RR,RR,0.674953281879425,-0.1223420798778534,-0.41189104318618774
expanded_test/front_medium/images/front_medium_1723482945-999993674.jpg,RR,NoR,-0.10229019075632095,-0.11751875281333923,0.1460140347480774
expanded_test/front_medium/images/front_medium_1723483025-650002162.jpg,RR,RG,0.43713366985321045,1.839490532875061,-1.659270167350769
expanded_test/front_medium/images/front_medium_1723483071-150002674.jpg,NoR,RG,-0.16322466731071472,0.23773567378520966,-0.06695820391178131
expanded_test/front_medium/images/front_medium_1723483117-149998668.jpg,RR,RR,1.67880380153656,1.2272711992263794,-2.113246202468872
expanded_test/front_medium/images/front_medium_1723483151-699968670.jpg,NoR,NoR,-0.0740496814250946,-0.1134735643863678,0.12269002199172974
expanded_test/front_medium/images/front_medium_1723483264-500002671.jpg,RG,RG,-0.13234014809131622,2.2848401069641113,-1.5701032876968384
expanded_test/front_medium/images/front_medium_1723483268-1163.jpg,RG,RG,-0.1383967101573944,1.3977508544921875,-0.9240247011184692
expanded_test/front_medium/images/front_medium_1723484791-649998168.jpg,RR,RR,2.2988686561584473,-0.10482682287693024,-1.5974969863891602
expanded_test/front_medium/images/front_medium_1723484812-200026170.jpg,NoR,NoR,-0.15283814072608948,-0.10652600228786469,0.17457228899002075
expanded_test/front_medium/images/front_medium_1723486396-350002161.jpg,NoR,NoR,-0.1460053026676178,-0.1111871749162674,0.17300882935523987
expanded_test/front_medium/images/front_medium_1723486406-850002663.jpg,NoR,NoR,-0.15027260780334473,0.02106635272502899,0.08042126893997192
expanded_test/front_medium/images/front_medium_1723486512-849889670.jpg,NoR,RR,0.47454798221588135,0.040347903966903687,-0.3848274350166321
expanded_test/front_medium/images/front_medium_1723486780-650017161.jpg,NoR,NoR,-0.14123007655143738,-0.10461750626564026,0.16480734944343567
expanded_test/front_medium/images/front_medium_1723571884-949958669.jpg,NoR,NoR,-0.010572478175163269,-0.1359279453754425,0.09308424592018127
expanded_test/front_medium/images/front_medium_1723571944-450001161.jpg,RR,RR,1.490982174873352,-0.1047622561454773,-1.0140165090560913
expanded_test/front_medium/images/front_medium_1723571972-950057167.jpg,NoR,NoR,-0.1398545354604721,-0.1366398185491562,0.18697816133499146
expanded_test/front_medium/images/front_medium_1723571974-949919162.jpg,NoR,RG,-0.15819533169269562,1.3710980415344238,-0.890444278717041
expanded_test/front_medium/images/front_medium_1723571983-450114176.jpg,RG,RG,-0.14212685823440552,1.9660769701004028,-1.3324472904205322
expanded_test/front_medium/images/front_medium_1723572020-150027676.jpg,RR,RR,2.0459914207458496,-0.13529877364635468,-1.3928037881851196
expanded_test/front_medium/images/front_medium_1723572393-500001174.jpg,RG,RG,-0.13153846561908722,1.7752450704574585,-1.2020506858825684
expanded_test/front_medium/images/front_medium_1723572501-200002170.jpg,RR,RR,2.2196779251098633,-0.08462564647197723,-1.5549116134643555
expanded_test/front_medium/images/front_medium_1723572568-700002169.jpg,RR,RG,0.891285240650177,0.9717226028442383,-1.3595714569091797
expanded_test/front_medium/images/front_medium_1723572765-700002172.jpg,RG,RG,-0.058955252170562744,0.10829441249370575,-0.04863537847995758
expanded_test/front_medium/images/front_medium_1723572777-250002168.jpg,RR,RR,0.3255366086959839,-0.12657304108142853,-0.1564507633447647
expanded_test/front_medium/images/front_medium_1723572912-699992675.jpg,RR,RR,2.331146001815796,-0.05828431248664856,-1.6544785499572754
expanded_test/front_medium/images/front_medium_1723572916-2172.jpg,RR,RR,2.4353532791137695,-0.11572987586259842,-1.6881910562515259
expanded_test/front_medium/images/front_medium_1723572940-649790174.jpg,RG,RG,0.17379088699817657,1.7879966497421265,-1.431810975074768
expanded_test/front_medium/images/front_medium_1723572948-149954165.jpg,NoR,RG,-0.15282772481441498,0.37263989448547363,-0.17205499112606049
expanded_test/front_medium/images/front_medium_1723636246-350005675.jpg,RR,RR,2.096283435821533,-0.09800656139850616,-1.4561054706573486
expanded_test/front_medium/images/front_medium_1723810971-400003175.jpg,NoR,NoR,-0.16496026515960693,-0.04907789081335068,0.14177104830741882
expanded_test/front_medium/images/front_medium_1724675131450002171_lat49.012051_lon8.425004.jpg,NoR,RG,-0.14547252655029297,0.09030860662460327,0.026865661144256592
expanded_test/front_medium/images/front_medium_1724675270450002171_lat49.009698_lon8.418776.jpg,RR,RR,2.014667272567749,-0.07045860588550568,-1.4170827865600586
expanded_test/front_medium/images/front_medium_1724675274699999163_lat49.009692_lon8.418593.jpg,RR,RG,-0.12563523650169373,0.17877821624279022,-0.051459893584251404
expanded_test/front_medium/images/front_medium_1724675308599994670_lat49.008899_lon8.417332.jpg,NoR,NoR,-0.16395358741283417,-0.13202591240406036,0.20104703307151794
expanded_test/front_medium/images/front_medium_1724675318250002164_lat49.008599_lon8.418742.jpg,NoR,NoR,-0.15873543918132782,-0.13121698796749115,0.1966928392648697
expanded_test/front_medium/images/front_medium_1724675758000178663_lat49.008250_lon8.430307.jpg,NoR,NoR,-0.16487358510494232,-0.12105655670166016,0.19377650320529938
expanded_test/front_medium/images/front_medium_1724675844150002171_lat49.010895_lon8.431858.jpg,RR,RR,1.101743221282959,0.026827409863471985,-0.8280631303787231
expanded_test/front_medium/images/front_medium_1724675988550002171_lat49.008661_lon8.431745.jpg,NoR,NoR,-0.10607961565256119,-0.13406559824943542,0.16072078049182892
expanded_test/front_medium/images/front_medium_1724676189450002160_lat49.007590_lon8.424869.jpg,RG,RG,-0.11291782557964325,2.4208579063415527,-1.6825246810913086
expanded_test/front_medium/images/front_medium_1724676219199992165_lat49.008293_lon8.421139.jpg,NoR,NoR,-0.14872366189956665,-0.09711933135986328,0.16479583084583282
expanded_test/front_medium/images/front_medium_1724676272050002161_lat49.008763_lon8.418183.jpg,RR,RR,1.690429449081421,-0.13184112310409546,-1.1384865045547485
expanded_test/front_medium/images/front_medium_1724676303750002163_lat49.009469_lon8.417782.jpg,RG,RG,-0.14068475365638733,1.8743330240249634,-1.2671229839324951
expanded_test/front_medium/images/front_medium_1724676335700000671_lat49.010721_lon8.421728.jpg,RG,NoR,-0.1643572598695755,-0.13419483602046967,0.20290754735469818
expanded_test/front_medium/images/front_medium_1724676537700003668_lat49.006386_lon8.430653.jpg,RR,RR,0.06926169991493225,-0.10129190981388092,0.010365843772888184
expanded_test/front_medium/images/front_medium_1724676590650002668_lat49.007628_lon8.431719.jpg,RG,RG,-0.13920123875141144,2.3912220001220703,-1.6421023607254028
expanded_test/front_tele/images/front_tele_1722264223-477302780.jpg,NoR,RR,0.889451801776886,0.038718581199645996,-0.683329164981842
expanded_test/front_tele/images/front_tele_1722264225-136176039.jpg,NoR,RR,1.0879201889038086,0.06681892275810242,-0.8470079898834229
expanded_test/front_tele/images/front_tele_1722264238-675271914.jpg,NoR,RR,2.404322624206543,0.6903542280197144,-2.248884439468384
expanded_test/front_tele/images/front_tele_1722421846-652192838.jpg,RG,RG,-0.14519552886486053,2.3820440769195557,-1.6311335563659668
expanded_test/front_tele/images/front_tele_1722421850-37012700.jpg,RG,RG,-0.13457241654396057,1.7184582948684692,-1.158780813217163
expanded_test/front_tele/images/front_tele_1722609887-500002669.jpg,NoR,RR,0.44104206562042236,-0.1333526223897934,-0.23497478663921356
expanded_test/front_tele/images/front_tele_1722609916-500002175.jpg,RR,RR,0.29044008255004883,0.11096133291721344,-0.3029288649559021
expanded_test/front_tele/images/front_tele_1722609932-2164.jpg,RG,RG,1.516910433769226,2.030151844024658,-2.577101469039917
expanded_test/front_tele/images/front_tele_1722609950-2660.jpg,RR,RG,0.9437851309776306,1.4569578170776367,-1.7485017776489258
expanded_test/front_tele/images/front_tele_1722610229-600002160.jpg,NoR,NoR,-0.1402268260717392,-0.10488521307706833,0.1642763614654541
expanded_test/front_tele/images/front_tele_1722610362-600036675.jpg,NoR,RR,1.1292179822921753,0.01721574366092682,-0.8409548997879028
expanded_test/front_tele/images/front_tele_1722610462-2668.jpg,RR,RR,0.29605019092559814,-0.05081605911254883,-0.1899542361497879
expanded_test/front_tele/images/front_tele_1722610542-400001668.jpg,RR,RR,1.9547315835952759,-0.10481509566307068,-1.348939061164856
expanded_test/front_tele/images/front_tele_1722610742-50000672.jpg,NoR,NoR,-0.15836201608181,-0.05308233201503754,0.13990196585655212
expanded_test/front_tele/images/front_tele_1722958921-50002174.jpg,NoR,RG,0.13559575378894806,0.18577991425991058,-0.2452089637517929
expanded_test/front_tele/images/front_tele_1722958989-100002673.jpg,RR,RR,1.5083189010620117,-0.10826428234577179,-1.0240052938461304
expanded_test/front_tele/images/front_tele_1722958991-100003168.jpg,RR,RR,1.4635831117630005,-0.10006365180015564,-0.9976252317428589
expanded_test/front_tele/images/front_tele_1722959010-950002160.jpg,RR,RR,1.753968596458435,-0.08616096526384354,-1.2174242734909058
expanded_test/front_tele/images/front_tele_1722959050-450002174.jpg,RR,RG,0.001414462924003601,0.6113328337669373,-0.45612847805023193
expanded_test/front_tele/images/front_tele_1722959076-15661.jpg,NoR,NoR,-0.1467924863100052,-0.06593487411737442,0.14084270596504211
expanded_test/front_tele/images/front_tele_1722959223-650001167.jpg,NoR,NoR,-0.16597262024879456,-0.03840301185846329,0.13478025794029236
expanded_test/front_tele/images/front_tele_1722959261-800014168.jpg,NoR,NoR,-0.12802375853061676,-0.07152211666107178,0.13132798671722412
expanded_test/front_tele/images/front_tele_1722959290-900001672.jpg,NoR,NoR,-0.025092720985412598,-0.025911889970302582,0.023988455533981323
expanded_test/front_tele/images/front_tele_1722959301-900004173.jpg,RR,RR,1.6178300380706787,1.0771963596343994,-1.9606444835662842
expanded_test/front_tele/images/front_tele_1722959336-150000175.jpg,RR,NoR,-0.009851440787315369,-0.030102595686912537,0.0160113126039505
expanded_test/front_tele/images/front_tele_1722959346-650003175.jpg,RR,NoR,0.03391602635383606,-0.12323975563049316,0.051772281527519226
expanded_test/front_tele/images/front_tele_1722959357-650002669.jpg,RG,RG,0.18616195023059845,1.5497037172317505,-1.2683697938919067
expanded_test/front_tele/images/front_tele_1722959475-350001171.jpg,RR,RR,1.396170973777771,-0.1249704658985138,-0.9309171438217163
expanded_test/front_tele/images/front_tele_1722959496-350006664.jpg,RG,RG,0.2309141904115677,0.2809317708015442,-0.38288748264312744
expanded_test/front_tele/images/front_tele_1722959506-250002662.jpg,NoR,RG,0.017157435417175293,0.4433556795120239,-0.34598785638809204
expanded_test/front_tele/images/front_tele_1722959535-100002170.jpg,NoR,NoR,-0.15694959461688995,-0.08756396174430847,0.1638251543045044
expanded_test/front_tele/images/front_tele_1722961457-100319672.jpg,RR,RG,2.060000419616699,2.1492581367492676,-3.0555288791656494
expanded_test/front_tele/images/front_tele_1722961479-699999172.jpg,RR,RG,0.7875320911407471,1.3917126655578613,-1.588444709777832
expanded_test/front_tele/images/front_tele_1722961529-650002675.jpg,RG,RG,-0.14233581721782684,2.4397757053375244,-1.6749610900878906
expanded_test/front_tele/images/front_tele_1722961669-549986672.jpg,RG,RG,-0.13419872522354126,2.1173956394195557,-1.4476346969604492
expanded_test/front_tele/images/front_tele_1722961694-900005163.jpg,RR,NoR,-0.11788654327392578,-0.1309618502855301,0.1670036017894745
expanded_test/front_tele/images/front_tele_1722961738-150002172.jpg,RR,NoR,0.03168413043022156,-0.12816256284713745,0.056945428252220154
expanded_test/front_tele/images/front_tele_1722961744-650005170.jpg,RR,RR,0.16292689740657806,-0.13428141176700592,-0.033423468470573425
expanded_test/front_tele/images/front_tele_1722961799-500055160.jpg,NoR,NoR,-0.1528477668762207,-0.13030454516410828,0.1917802095413208
expanded_test/front_tele/images/front_tele_1722961936-599971669.jpg,RG,RG,0.7471679449081421,2.215888023376465,-2.1554832458496094
expanded_test/front_tele/images/front_tele_1723571978-200002672.jpg,RG,RG,-0.16356056928634644,2.2436177730560303,-1.5177336931228638
expanded_test/front_tele/images/front_tele_1723572400-700002660.jpg,RG,RG,-0.1612505316734314,2.1008174419403076,-1.4161031246185303
expanded_test/front_tele/images/front_tele_1723572488-500002665.jpg,RG,RG,-0.14566722512245178,0.20187698304653168,-0.053700223565101624
expanded_test/front_tele/images/front_tele_1723572503-2673.jpg,RR,RR,2.0000674724578857,0.3685116767883301,-1.7240806818008423
expanded_test/front_tele/images/front_tele_1723572640-200002663.jpg,NoR,NoR,-0.023909345269203186,-0.12443280220031738,0.09440192580223083
expanded_test/front_tele/images/front_tele_1723572663-200002674.jpg,RR,RR,2.281006336212158,-0.11104913055896759,-1.5800940990447998
expanded_test/front_tele/images/front_tele_1723572729-300002666.jpg,RG,RG,-0.15183952450752258,1.5895195007324219,-1.0530370473861694
expanded_test/front_tele/images/front_tele_1723572837-400002661.jpg,NoR,RG,-0.15226851403713226,0.15638293325901031,-0.016022607684135437
expanded_test/front_tele/images/front_tele_1723572838-400002667.jpg,NoR,RG,-0.14354586601257324,0.5131303071975708,-0.28038734197616577
expanded_test/front_tele/images/front_tele_1723572848-950002671.jpg,RR,RR,2.125437021255493,-0.0737147256731987,-1.4947351217269897
expanded_test/front_tele/images/front_tele_1723572852-450002672.jpg,RR,RR,2.3856818675994873,-0.13468681275844574,-1.6386009454727173
expanded_test/front_tele/images/front_tele_1723572935-950002661.jpg,RG,RG,-0.13876394927501678,0.5391903519630432,-0.3026926517486572
expanded_test/front_tele/images/front_tele_1723635885-950065165.jpg,NoR,NoR,-0.08955709636211395,-0.10731351375579834,0.12943477928638458
expanded_test/front_tele/images/front_tele_1723636151-450002169.jpg,NoR,NoR,-0.16403065621852875,-0.13991566002368927,0.20680998265743256
expanded_test/front_tele/images/front_tele_1723636234-800002167.jpg,NoR,RG,-0.15408043563365936,0.7851523160934448,-0.46955406665802
expanded_test/front_tele/images/front_tele_1723636248-300002663.jpg,RR,RR,2.2856760025024414,-0.12813565135002136,-1.5711067914962769
expanded_test/front_tele/images/front_tele_1723637177-300002174.jpg,RR,RR,0.2843969464302063,-0.0910925641655922,-0.15240193903446198
expanded_test/front_tele/images/front_tele_1723637423-300002667.jpg,NoR,NoR,-0.16534331440925598,-0.13213133811950684,0.20212706923484802
expanded_test/front_tele/images/front_tele_1723637527-600002173.jpg,NoR,RG,-0.1330949068069458,1.3060625791549683,-0.8615286350250244
expanded_test/front_tele/images/front_tele_1723637539-100002163.jpg,RR,RR,1.6193459033966064,0.4266207218170166,-1.4911248683929443
expanded_test/front_tele/images/front_tele_1723810970-600004670.jpg,NoR,NoR,-0.06749781221151352,-0.11097186803817749,0.11614799499511719
expanded_test/front_tele/images/front_tele_1723810970-900003171.jpg,NoR,RG,-0.14193707704544067,0.6580573320388794,-0.3863869309425354
expanded_test/front_tele/images/front_tele_1724250977-200002164.jpg,RR,RR,2.176386833190918,-0.11407319456338882,-1.5023410320281982
expanded_test/front_tele/images/front_tele_1724675296750002675_lat49.009259_lon8.417406.jpg,NoR,NoR,-0.16222895681858063,-0.11086500436067581,0.18449392914772034
expanded_test/front_tele/images/front_tele_1724675345200040665_lat49.007755_lon8.423133.jpg,RR,RR,2.4116241931915283,0.8752952814102173,-2.387941360473633
expanded_test/front_tele/images/front_tele_1724675462500002169_lat49.011246_lon8.423549.jpg,RR,RR,1.753022313117981,-0.1045617163181305,-1.2034300565719604
expanded_test/front_tele/images/front_tele_1724675521950002168_lat49.013570_lon8.429435.jpg,RR,NoR,-0.07475551962852478,-0.05997014790773392,0.08449645340442657
expanded_test/front_tele/images/front_tele_1724675572200049672_lat49.012684_lon8.431232.jpg,NoR,NoR,-0.14453966915607452,-0.11300092190504074,0.17326223850250244
expanded_test/front_tele/images/front_tele_1724675576550002165_lat49.012258_lon8.431398.jpg,RG,RG,-0.0722605437040329,1.809727430343628,-1.269810438156128
expanded_test/front_tele/images/front_tele_1724675820100005170_lat49.009018_lon8.431955.jpg,NoR,NoR,-0.12755173444747925,-0.10327869653701782,0.15395915508270264
expanded_test/front_tele/images/front_tele_1724675984700031164_lat49.008868_lon8.431769.jpg,RR,RR,0.8867483735084534,-0.12584473192691803,-0.562334418296814
expanded_test/front_tele/images/front_tele_1724676024950002669_lat49.006744_lon8.431207.jpg,RR,RR,2.182130813598633,-0.13102862238883972,-1.4942245483398438
expanded_test/front_tele/images/front_tele_1724676051400004160_lat49.006747_lon8.431209.jpg,RR,RR,2.1643073558807373,-0.1326480656862259,-1.4801795482635498
expanded_test/front_tele/images/front_tele_1724676172350002664_lat49.007329_lon8.426278.jpg,NoR,RR,0.24661381542682648,-0.11533302068710327,-0.10757653415203094
expanded_test/front_tele/images/front_tele_1724676272250002168_lat49.008763_lon8.418183.jpg,RR,RR,0.23647813498973846,-0.13474246859550476,-0.08621518313884735
expanded_test/front_tele/images/front_tele_1724676295800003168_lat49.009077_lon8.417441.jpg,RR,RR,1.7016651630401611,-0.13010068237781525,-1.1478610038757324
expanded_test/front_tele/images/front_tele_1724676521500009674_lat49.006817_lon8.428369.jpg,RR,NoR,-0.10018894821405411,-0.11860968172550201,0.1452854871749878
expanded_test/front_tele/images/front_tele_1724676524900024672_lat49.006716_lon8.428930.jpg,RR,RR,0.09527002274990082,-0.12930481135845184,0.011844336986541748
expanded_test/front_wide/images/front_wide_1722264240-522819801.jpg,NoR,RG,-0.131007581949234,0.08156272768974304,0.022744402289390564
expanded_test/front_wide/images/front_wide_1723635502-898944577.jpg,NoR,NoR,-0.05107869952917099,-0.12162460386753082,0.11199464648962021
expanded_test/front_wide/images/front_wide_1723635711-199097077.jpg,RR,RR,1.9382542371749878,-0.11994793266057968,-1.326090931892395
expanded_test/front_wide/images/front_wide_1723635961-599123053.jpg,RR,RR,2.3239104747772217,-0.13046209514141083,-1.5970402956008911
expanded_test/front_wide/images/front_wide_1723636046-999060569.jpg,RR,RR,2.11893367767334,-0.05096657574176788,-1.5064935684204102
expanded_test/front_wide/images/front_wide_1723636131-499322581.jpg,NoR,NoR,-0.16166801750659943,-0.1363217830657959,0.2025037258863449
expanded_test/front_wide/images/front_wide_1723636182-299029569.jpg,RR,RR,0.9890757203102112,-0.1332663893699646,-0.6308757066726685
expanded_test/front_wide/images/front_wide_1723636246-298565569.jpg,RR,RR,0.5682685971260071,-0.13958953320980072,-0.3223574161529541
expanded_test/front_wide/images/front_wide_1723636279-698546053.jpg,NoR,NoR,-0.15398603677749634,-0.08766232430934906,0.16175577044487
expanded_test/front_wide/images/front_wide_1723637185-749765077.jpg,RR,RR,0.4168798327445984,-0.1333790421485901,-0.21750356256961823
expanded_test/front_wide/images/front_wide_1723637261-848711061.jpg,RR,RR,0.8941723704338074,-0.13308143615722656,-0.5624618530273438
expanded_test/front_wide/images/front_wide_1723641200-299631077.jpg,RR,RR,1.1398321390151978,0.9018388986587524,-1.4885413646697998
expanded_test/front_wide/images/front_wide_1723641286-98991581.jpg,RR,RR,1.7635442018508911,-0.10702687501907349,-1.2092466354370117
expanded_test/front_wide/images/front_wide_1723641433-199014577.jpg,RR,NoR,-0.13988199830055237,-0.12394651770591736,0.17781589925289154
expanded_test/front_wide/images/front_wide_1723641779-252017081.jpg,NoR,NoR,-0.16596154868602753,-0.14113952219486237,0.2090899646282196
expanded_test/front_wide/images/front_wide_1723641910-499388053.jpg,RG,RG,-0.08263491094112396,1.6812936067581177,-1.1694105863571167
expanded_test/front_wide/images/front_wide_1723641922-499383053.jpg,NoR,NoR,-0.1583651602268219,-0.13888826966285706,0.20197466015815735
expanded_test/front_wide/images/front_wide_1723810277-200187581.jpg,RG,RG,-0.11421969532966614,2.0889434814453125,-1.441483497619629
expanded_test/front_wide/images/front_wide_1723810349-949487553.jpg,RG,RG,1.0042940378189087,1.4116352796554565,-1.7594212293624878
expanded_test/front_wide/images/front_wide_1723810351-999439069.jpg,NoR,NoR,0.04922670125961304,-0.13575176894664764,0.04976452887058258
expanded_test/front_wide/images/front_wide_1723810491-799679581.jpg,NoR,NoR,-0.10626786202192307,-0.11671003699302673,0.14830204844474792
expanded_test/front_wide/images/front_wide_1723810984-198711077.jpg,NoR,NoR,-0.158999502658844,-0.10891487449407578,0.18075063824653625
expanded_test/front_wide/images/front_wide_1723813726-950360057.jpg,NoR,NoR,-0.1492299884557724,-0.08858242630958557,0.15898612141609192
expanded_test/front_wide/images/front_wide_1723823783-450193057.jpg,NoR,NoR,-0.15239021182060242,0.007918819785118103,0.09146147966384888
expanded_test/front_wide/images/front_wide_1723823854-998627057.jpg,RR,RR,0.41484713554382324,-0.10809968411922455,-0.23432199656963348
expanded_test/front_wide/images/front_wide_1723824674-99329073.jpg,RR,RR,1.9075464010238647,-0.13961219787597656,-1.2896862030029297
expanded_test/front_wide/images/front_wide_1723824737-399201073.jpg,RG,NoR,-0.12286980450153351,-0.0398486852645874,0.10469335317611694
expanded_test/front_wide/images/front_wide_1723824781-799585057.jpg,RR,RR,2.424880266189575,-0.048228919506073,-1.729455590248108
expanded_test/front_wide/images/front_wide_1723824813-249553073.jpg,NoR,NoR,-0.1419335901737213,-0.12041745334863663,0.17674487829208374
expanded_test/front_wide/images/front_wide_1724675165199084560_lat49.011623_lon8.423954.jpg,RR,RR,1.1202900409698486,-0.13774850964546204,-0.7224079966545105
expanded_test/front_wide/images/front_wide_1724675178050215576_lat49.011504_lon8.423376.jpg,NoR,NoR,-0.11458030343055725,-0.12150157988071442,0.15777215361595154
expanded_test/front_wide/images/front_wide_1724675194199585556_lat49.011386_lon8.422871.jpg,RG,RG,-0.1107727438211441,1.630619764328003,-1.112430453300476
expanded_test/front_wide/images/front_wide_1724675269998823580_lat49.009698_lon8.418776.jpg,RR,RR,2.1384310722351074,-0.01886216551065445,-1.5437997579574585
expanded_test/front_wide/images/front_wide_1724675282148880080_lat49.009724_lon8.418060.jpg,RR,RR,1.0378550291061401,-0.07849018275737762,-0.7057326436042786
expanded_test/front_wide/images/front_wide_1724675382699348084_lat49.007678_lon8.423538.jpg,RR,RG,-0.09505745023488998,1.9725133180618286,-1.3711007833480835
expanded_test/front_wide/images/front_wide_1724675457701055068_lat49.011157_lon8.423477.jpg,RR,NoR,-0.00789707899093628,-0.08280038833618164,0.052720338106155396
expanded_test/front_wide/images/front_wide_1724675816499144572_lat49.008715_lon8.431889.jpg,NoR,NoR,-0.0708083063364029,-0.132764995098114,0.13430386781692505
expanded_test/front_wide/images/front_wide_1724675995398775572_lat49.008436_lon8.431713.jpg,RR,RR,0.7103395462036133,-0.07277733087539673,-0.4733043909072876
expanded_test/front_wide/images/front_wide_1724676024848726556_lat49.006744_lon8.431207.jpg,RR,NoR,-0.006099581718444824,-0.13819415867328644,0.09149285405874252
expanded_test/front_wide/images/front_wide_1724676249498764572_lat49.008656_lon8.419490.jpg,NoR,NoR,-0.16152960062026978,-0.12488081306219101,0.19412757456302643
expanded_test/front_wide/images/front_wide_1724676533498849572_lat49.006435_lon8.430409.jpg,RR,RR,0.5609611868858337,-0.11723028868436813,-0.3332536220550537
expanded_test/front_wide/images/front_wide_1724676537748648588_lat49.006386_lon8.430654.jpg,RR,RG,-0.06323923915624619,1.993683934211731,-1.4093971252441406
