domain,model,class_name,precision,recall,f1-score,support
DTLD fold-0 validation,v5_fold0,RR,0.8701417466849566,0.8302792321116929,0.8497432462603259,2292.0
DTLD fold-0 validation,v5_fold0,RG,0.9450111968151281,0.8559837728194726,0.8982970671712394,4437.0
DTLD fold-0 validation,v5_fold0,NoR,0.17675544794188863,0.48184818481848185,0.25863596102745795,303.0
DTLD fold-0 validation,v6_axial_fold0,RR,0.8819039066008083,0.8568935427574171,0.869218853728701,2292.0
DTLD fold-0 validation,v6_axial_fold0,RG,0.9449323522430572,0.8972278566599053,0.9204624277456648,4437.0
DTLD fold-0 validation,v6_axial_fold0,NoR,0.22635135135135134,0.44224422442244227,0.2994413407821229,303.0
DTLD official test,v5_fold0,RR,0.8935637365389432,0.8185363615508144,0.8544061302681992,4359.0
DTLD official test,v5_fold0,RG,0.9324612540878715,0.8664288545382481,0.8982331187508561,7569.0
DTLD official test,v5_fold0,NoR,0.2130343377715487,0.579047619047619,0.3114754098360656,525.0
DTLD official test,v6_axial_fold0,RR,0.9120098039215686,0.8536361550814408,0.8818580400521389,4359.0
DTLD official test,v6_axial_fold0,RG,0.9308310991957105,0.9174263442991148,0.9240801117838845,7569.0
DTLD official test,v6_axial_fold0,NoR,0.29901423877327493,0.52,0.3796940194714882,525.0
ATLAS transfer,v5_fold0,RR,0.8961748633879781,0.6693877551020408,0.7663551401869159,245.0
ATLAS transfer,v5_fold0,RG,0.8333333333333334,0.5789473684210527,0.6832298136645962,95.0
ATLAS transfer,v5_fold0,NoR,0.6379928315412187,0.9468085106382979,0.7623126338329764,188.0
ATLAS transfer,v6_axial_fold0,RR,0.8758169934640523,0.5469387755102041,0.6733668341708543,245.0
ATLAS transfer,v6_axial_fold0,RG,0.8363636363636363,0.4842105263157895,0.6133333333333333,95.0
ATLAS transfer,v6_axial_fold0,NoR,0.5375,0.9148936170212766,0.6771653543307087,188.0
VZC-TLD published test,v5_fold0,RR,0.8911290322580645,0.6676737160120846,0.7633851468048359,331.0
VZC-TLD published test,v5_fold0,RG,0.8235294117647058,0.4772727272727273,0.60431654676259,176.0
VZC-TLD published test,v5_fold0,NoR,0.3185483870967742,0.8681318681318682,0.46607669616519176,91.0
VZC-TLD published test,v6_axial_fold0,RR,0.8859060402684564,0.3987915407854985,0.55,331.0
VZC-TLD published test,v6_axial_fold0,RG,0.7857142857142857,0.375,0.5076923076923077,176.0
VZC-TLD published test,v6_axial_fold0,NoR,0.21095890410958903,0.8461538461538461,0.33771929824561403,91.0
