dataset,actual,predicted,count
DTLD,RR,RR,3752
DTLD,RR,RG,513
DTLD,RR,NoR,94
DTLD,RG,RR,248
DTLD,RG,RG,7167
DTLD,RG,NoR,154
DTLD,NoR,RR,189
DTLD,NoR,RG,202
DTLD,NoR,NoR,134
ATLAS,RR,RR,210
ATLAS,RR,RG,20
ATLAS,RR,NoR,15
ATLAS,RG,RR,6
ATLAS,RG,RG,86
ATLAS,RG,NoR,3
ATLAS,NoR,RR,30
ATLAS,NoR,RG,60
ATLAS,NoR,NoR,98
VZC_TLD,RR,RR,284
VZC_TLD,RR,RG,38
VZC_TLD,RR,NoR,9
VZC_TLD,RG,RR,30
VZC_TLD,RG,RG,137
VZC_TLD,RG,NoR,9
VZC_TLD,NoR,RR,21
VZC_TLD,NoR,RG,40
VZC_TLD,NoR,NoR,30
