dataset,model,actual,RR,RG,NoR
DTLD,ViT-S+ fold0,RR,3752,513,94
DTLD,ViT-S+ fold0,RG,248,7167,154
DTLD,ViT-S+ fold0,NoR,189,202,134
DTLD,ViT-B fold0,RR,3803,462,94
DTLD,ViT-B fold0,RG,189,7238,142
DTLD,ViT-B fold0,NoR,166,192,167
ATLAS,ViT-S+ fold0,RR,210,20,15
ATLAS,ViT-S+ fold0,RG,6,86,3
ATLAS,ViT-S+ fold0,NoR,30,60,98
ATLAS,ViT-B fold0,RR,204,14,27
ATLAS,ViT-B fold0,RG,2,85,8
ATLAS,ViT-B fold0,NoR,15,30,143
VZC_TLD,ViT-S+ fold0,RR,284,38,9
VZC_TLD,ViT-S+ fold0,RG,30,137,9
VZC_TLD,ViT-S+ fold0,NoR,21,40,30
VZC_TLD,ViT-B fold0,RR,287,30,14
VZC_TLD,ViT-B fold0,RG,35,135,6
VZC_TLD,ViT-B fold0,NoR,24,24,43
