dataset,group,slice,AP_RR,AP_RG,AP_NoR,mAP,acc_bal,n,n_classes,cm_RR_RR,cm_RG_RG,cm_NoR_NoR,temperature,ece,accuracy,macro_F1,weighted_F1,nll,brier,class_counts,mAP_present_classes
DTLD,city,Berlin,0.9453537641570732,0.8930085405821505,0.5038004375401474,0.7807209140931236,0.7410425345183501,1077,3,440,504,19,,,,,,,,,
DTLD,city,Bochum,0.9872832921047207,0.9857374027771183,,,0.8963320463320463,109,2,32,65,0,,,,,,,,,0.9865103474409195
DTLD,city,Bremen,0.8493482861378661,0.8995475508168509,0.959375,0.9027569456515723,0.7635721073889284,222,3,39,121,7,,,,,,,,,
DTLD,city,Dortmund,0.9701951517389766,0.9878030437498558,0.20419105241415653,0.7207297493009963,0.7092323659293899,2027,3,464,1427,12,,,,,,,,,
DTLD,city,Duesseldorf,0.9717410798890879,0.9912948851970618,0.18299923332734835,0.7153450661378327,0.7213277491904159,1389,3,409,889,6,,,,,,,,,
DTLD,city,Essen,0.9449548151772273,0.9625773948072247,0.004284740062380295,0.6372723166822775,0.6207738322141747,781,3,239,494,0,,,,,,,,,
DTLD,city,Frankfurt,0.9598449601353142,0.9392703696244067,0.47747608335135605,0.7921971377036924,0.7585155858068154,1677,3,580,903,43,,,,,,,,,
DTLD,city,Fulda,0.9334605397165457,0.9920287144556181,0.42979062013068015,0.7850932914342814,0.5829442888266417,108,3,26,62,0,,,,,,,,,
DTLD,city,Hannover,0.9150596716629698,0.9365615569611235,0.35425394262659127,0.7352917237502282,0.7018566760657047,2408,3,864,1114,65,,,,,,,,,
DTLD,city,Kassel,0.9277821814355822,0.9583423069778847,0.22740592460025558,0.7045101376712409,0.704408290597128,757,3,201,456,8,,,,,,,,,
DTLD,city,Koeln,0.9049277753493483,0.9107383798376827,0.1651735420316218,0.6602798990728843,0.6700362792343925,1898,3,509,1203,7,,,,,,,,,
DTLD,size,small(<16px),0.9397127810521985,0.9452078431385387,0.15263455192319086,0.6791850587046427,0.7053481413135029,1580,3,533,821,19,,,,,,,,,
DTLD,size,mid(16-48px),0.944857439138883,0.9546144802015423,0.3763720041082853,0.7586146411495701,0.734337855157627,7807,3,2365,4612,112,,,,,,,,,
DTLD,size,large(>=48px),0.8940398884753264,0.9302447090034205,0.33035680954655205,0.7182138023417663,0.6843249874301174,3066,3,905,1805,36,,,,,,,,,
ATLAS,camera,front_medium,0.9641807037387293,0.8939928034908421,0.8946517627863617,0.9176084233386445,0.8456584920148913,393,3,156,61,113,1.0,0.21238222871943047,0.8396946564885496,0.8245246337710043,0.8427489395357017,0.638581933380563,0.35355716625445976,"{'RR': 182, 'RG': 69, 'NoR': 142}",
ATLAS,camera,front_tele,0.8659383497232378,0.8969859057154139,0.7591112140957947,0.8406784898448155,0.7382066276803118,86,3,28,17,16,1.0,0.2297967523503497,0.7093023255813954,0.7037572689746603,0.7037516633067695,0.8054369287448013,0.45115258223930427,"{'RR': 38, 'RG': 18, 'NoR': 30}",
ATLAS,camera,front_wide,0.9450227743271222,0.750297619047619,0.8890955398767899,0.8614719777505103,0.85,49,3,20,7,14,1.0,0.2831768230588992,0.8367346938775511,0.8164201353055841,0.8427230541339342,0.7175160116571114,0.4111999774847592,"{'RR': 25, 'RG': 8, 'NoR': 16}",
VZC_TLD,size,small(<16px),0.6261197448196997,0.6742748254637911,0.7843119837930255,0.6949021846921721,0.6333489205829631,108,3,17,25,25,,,,,,,,,
VZC_TLD,size,mid(16-48px),0.9361746954023606,0.7834093731367927,0.481370296408595,0.7336514549825828,0.6422648477474912,269,3,138,59,9,,,,,,,,,
VZC_TLD,size,large(>=48px),0.9552853261435786,0.88907931014915,0.6139813958503122,0.8194486773810136,0.7605232915519684,221,3,132,51,9,,,,,,,,,
