epoch,mAP,acc_bal,AP_RR,AP_RG,AP_NoR,accuracy,macro_F1,weighted_F1,nll,brier,ece,elapsed_seconds,peak_gpu_allocated_bytes
1,0.6353874486662694,0.5892026867516179,0.8393137604377165,0.9405472926352656,0.1263012929258261,0.830773606370876,0.559317255911674,0.8171104174962701,0.9074996568417955,0.5415380309514839,0.4158753089661544,1993.9530000000377,1070575616
2,0.6863373518391945,0.6236170781746534,0.9191979324623667,0.962579078723568,0.17723504433164886,0.8996018202502845,0.6151624305135339,0.880949903802442,0.44546417030603114,0.22065261704412814,0.16911128524276522,1976.0629999999655,1076793856
3,0.6898366493362262,0.6647811516953798,0.9240775660972328,0.9627086573269801,0.18272372458446576,0.9003128555176336,0.6762120036992728,0.8916586307077876,0.3957525176927009,0.1905228599871375,0.11342883795070074,1894.2970000000205,1076366848
4,0.696030645043434,0.6951180797168107,0.9281601553179518,0.9614292527501311,0.1985025270622191,0.8949089874857793,0.7004341418761549,0.8926559314844845,0.38218085350669323,0.18301508828212346,0.09238356548577362,1916.640000000014,1077569536
5,0.7001913044097106,0.7035670335651104,0.9313494484620977,0.9607685348652191,0.20845592990181494,0.890358361774744,0.7017257724902085,0.8910561654377379,0.37280804966115055,0.1780624297216129,0.0796213040150518,1943.8129999999655,1077152256
6,0.7005913905363794,0.7102986721824941,0.9326029842832745,0.9616456606508463,0.20752552667501722,0.8909271899886234,0.7064446526151733,0.8922938253559122,0.3659036643042331,0.17406398887592298,0.07572824963247086,1917.8279999999795,1077569536
7,0.701319573444902,0.7151595038012345,0.9313032914557721,0.9618098194944139,0.2108456093845201,0.8926336746302617,0.7116283417800572,0.8938230906299891,0.36199112934565986,0.172303694056627,0.07164812104828859,2008.9220000000205,1076541440
8,0.6996466782096175,0.710976382888334,0.9297067389474278,0.9621204221441814,0.2071128735372432,0.8886518771331058,0.7059155630846424,0.8904691936676302,0.3619401929517823,0.17301964031339503,0.06567022949168588,1998.2970000000205,1079412736
9,0.6991758507946217,0.7161839340056898,0.9284280610250293,0.9619924440266201,0.20710704733221605,0.8902161547212741,0.7106182572775211,0.8921202566130434,0.3605805368505156,0.17273367620506208,0.06516919932953551,1931.530999999959,1080371200
10,0.6972598253414821,0.7132469104660678,0.926332415333606,0.9615088594679226,0.20393820122291792,0.8889362912400455,0.7075867670515216,0.8909494443615908,0.36017379336686467,0.17269302447975401,0.06480389705421856,1889.1570000000065,1080371200
11,0.6968435647308219,0.7120909477394646,0.9254989780158193,0.9611653740285376,0.20386634214810845,0.8892207053469852,0.7072236390560412,0.8909976438732663,0.3600310455004937,0.1727795890627725,0.06374120278020642,2176.640000000014,1080289792
12,0.6964153447154579,0.7103216556411684,0.925009388897559,0.96064862161352,0.20358802363529444,0.8868031854379977,0.7037201704309021,0.8893044248311,0.3610399853553826,0.17349960797781627,0.06373501048302035,2007.9070000000065,1082214400
