dataset,metric,baseline,candidate,delta_pp
DTLD,recall_RR,0.8724478091305345,0.8823124569855472,0.986464785501262
DTLD,recall_RG,0.9562689919408112,0.9631391200951248,0.6870128154313648
DTLD,mean_signal_recall,0.9143584005356729,0.9227257885403359,0.8367388004663079
DTLD,recall_NoR,0.3180952380952381,0.12380952380952381,-19.428571428571427
DTLD,precision_RR,0.9146224146224147,0.8952513966480447,-1.937101797437002
DTLD,precision_RG,0.9171312721743538,0.906152889993785,-1.097838218056879
DTLD,mAP,0.7279563101529334,0.7245131594185447,-0.34431507343887224
DTLD,acc_bal,0.715604013055528,0.6564203669633986,-5.918364609212945
DTLD,macro_F1,0.7297475204113484,0.6755312824277855,-5.42162379835629
ATLAS,recall_RR,0.8326530612244898,0.8734693877551021,4.081632653061229
ATLAS,recall_RG,0.8947368421052632,0.8947368421052632,0.0
ATLAS,mean_signal_recall,0.8636949516648764,0.8841031149301826,2.0408163265306145
ATLAS,recall_NoR,0.7606382978723404,0.5638297872340425,-19.680851063829785
ATLAS,precision_RR,0.9230769230769231,0.8842975206611571,-3.877940241576605
ATLAS,precision_RG,0.6589147286821705,0.5279503105590062,-13.096441812316428
ATLAS,mAP,0.9025436480165978,0.8927088366465487,-0.9834811370049157
ATLAS,acc_bal,0.829342733734031,0.7773453390314692,-5.199739470256182
ATLAS,macro_F1,0.8052952723808632,0.7400762988663723,-6.521897351449091
VZC_TLD,recall_RR,0.8670694864048338,0.8851963746223565,1.8126888217522619
VZC_TLD,recall_RG,0.7670454545454546,0.7784090909090909,1.1363636363636354
VZC_TLD,mean_signal_recall,0.8170574704751442,0.8318027327657237,1.4745262290579486
VZC_TLD,recall_NoR,0.4725274725274725,0.2967032967032967,-17.58241758241758
VZC_TLD,precision_RR,0.8294797687861272,0.8207282913165266,-0.8751477469600588
VZC_TLD,precision_RG,0.7142857142857143,0.6618357487922706,-5.244996549344371
VZC_TLD,mAP,0.7946303355018514,0.7740198390102754,-2.061049649157598
VZC_TLD,acc_bal,0.7022141378259202,0.653436254078248,-4.877788374767222
VZC_TLD,macro_F1,0.715341927923624,0.6663829619284717,-4.895896599515237
