model,split,policy,AP_RR,AP_RG,AP_NoR,mAP,acc_bal,n,n_classes,cm_RR_RR,cm_RG_RG,cm_NoR_NoR,temperature,ece,accuracy,nll,brier,macro_precision,macro_recall,macro_f1-score,weighted_precision,weighted_recall,weighted_f1-score
v5_fold0,test,primary,0.8948846170658409,0.7314106395000018,0.4387380845820747,0.6883444470493058,0.67102610380556,598,3,221,84,79,1.0,0.07272909389593774,0.6421404682274248,0.8561603872651805,0.49979716557603066,0.6777356103731815,0.67102610380556,0.611259463244206,0.7841016544712609,0.6421404682274248,0.6713263798890451
v5_fold0,test,exclude_unknown_relevant_sensitivity,0.9081422956436902,0.7703504798588343,0.3151098768965712,0.6645342174663652,0.6922548750343313,551,3,221,84,41,1.0,0.08639590175777843,0.6279491833030852,0.8827953062990872,0.5169547254439423,0.6556517271998089,0.6922548750343313,0.5689716377426066,0.8363013206032045,0.6279491833030852,0.684121011954095
v5_fold0,test,unique_images_sensitivity,0.8948846170658409,0.7314106395000018,0.4387380845820747,0.6883444470493058,0.67102610380556,598,3,221,84,79,1.0,0.07272909389593774,0.6421404682274248,0.8561603872651805,0.49979716557603066,0.6777356103731815,0.67102610380556,0.611259463244206,0.7841016544712609,0.6421404682274248,0.6713263798890451
v5_fold0,test,saved_DTLD_temperature,0.8943585604212223,0.7323210358435568,0.4385850908093497,0.6884215623580429,0.67102610380556,598,3,221,84,79,0.8234922885894775,0.11848313241185915,0.6421404682274248,0.8946724355433547,0.5138580714902459,0.6777356103731815,0.67102610380556,0.611259463244206,0.7841016544712609,0.6421404682274248,0.6713263798890451
v5_fold0,train,primary,0.8631912108698209,0.7328533719931518,0.38190214659072813,0.659315576484567,0.63172992329901,2390,3,885,340,237,1.0,0.10377947066570807,0.6117154811715482,0.9161517779627927,0.535709649838613,0.6320289455519191,0.63172992329901,0.5705680467090798,0.7527223794798213,0.6117154811715482,0.6458302521068897
v5_fold0,train,exclude_unknown_relevant_sensitivity,0.8787855701239522,0.7501770128705342,0.31691112053642145,0.648624567843636,0.6355706727135298,2260,3,885,340,138,1.0,0.11154332650380448,0.6030973451327434,0.9309410747102693,0.5462867392069428,0.6143553857627917,0.6355706727135298,0.5377565632446942,0.79060270606176,0.6030973451327434,0.65751707189968
v5_fold0,train,unique_images_sensitivity,0.8633658180634755,0.7328598373156394,0.3823985903570957,0.6595414152454036,0.6318919088575856,2389,3,885,340,237,1.0,0.10346475338350962,0.6119715362076182,0.9155268558383348,0.5352794856094929,0.6321244496078192,0.6318919088575856,0.5707774672686561,0.7527218997132983,0.6119715362076182,0.6460064664265338
v5_fold0,train,saved_DTLD_temperature,0.8633238709171928,0.7319177851760805,0.38205721898603634,0.6590996250264365,0.63172992329901,2390,3,885,340,237,0.8234922885894775,0.15228024220366665,0.6117154811715482,0.9702255469536238,0.5552060566486576,0.6320289455519191,0.63172992329901,0.5705680467090798,0.7527223794798213,0.6117154811715482,0.6458302521068897
v5_fold0,all,primary,0.8689706414553067,0.7322989444709979,0.3893756238362774,0.663548403254194,0.6404480372872507,2988,3,1106,424,316,1.0,0.09680914605728505,0.6178045515394913,0.9041454688472732,0.5285223454246157,0.6412178380054028,0.6404480372872507,0.5790685012115394,0.7587032306187684,0.6178045515394913,0.6507740756417952
v5_fold0,all,exclude_unknown_relevant_sensitivity,0.8842389070207803,0.7535570182298972,0.3088530201659869,0.6488829818055548,0.6469053040184901,2811,3,1106,424,179,1.0,0.10581033623105258,0.607968694414799,0.9215037504859499,0.5405372053814667,0.6223307329956993,0.6469053040184901,0.5439509527780345,0.7993324127142492,0.607968694414799,0.6626942592005985
v5_fold0,all,unique_images_sensitivity,0.8689628347304267,0.7323115438358656,0.38979718538972974,0.663690521318674,0.6405107498945044,2986,3,1105,424,316,1.0,0.09663673632197124,0.6178834561286002,0.9038909356150533,0.5283417551706505,0.6412581625960976,0.6405107498945044,0.5791811006512287,0.7586082476798962,0.6178834561286002,0.6507903715945738
v5_fold0,all,saved_DTLD_temperature,0.8689970573009878,0.7316013458185755,0.38955932001546917,0.6633859077116775,0.6404480372872507,2988,3,1106,424,316,0.8234922885894775,0.14492803338098037,0.6178045515394913,0.9551048104665619,0.5469309244114655,0.6412178380054028,0.6404480372872507,0.5790685012115394,0.7587032306187684,0.6178045515394913,0.6507740756417952
v5_fold1,test,primary,0.8906582032646855,0.7545612544729452,0.4331960181401138,0.6928051586259149,0.5752318552545138,598,3,170,47,86,1.0,0.09682890269417936,0.5066889632107023,0.9649276662336582,0.5804619679500337,0.6884427526992986,0.5752318552545138,0.4840552752463469,0.813563419730124,0.5066889632107023,0.5445444008915101
v5_fold1,test,exclude_unknown_relevant_sensitivity,0.8992096580816714,0.7797621563064501,0.2726665886058669,0.6505461343313295,0.5632438432665019,551,3,170,47,40,1.0,0.13515531121745303,0.4664246823956443,0.9969681704120956,0.6044282663359524,0.6531300603203488,0.5632438432665019,0.43199384106613276,0.8568654848056294,0.4664246823956443,0.5468032624845047
v5_fold1,test,unique_images_sensitivity,0.8906582032646855,0.7545612544729452,0.4331960181401138,0.6928051586259149,0.5752318552545138,598,3,170,47,86,1.0,0.09682890269417936,0.5066889632107023,0.9649276662336582,0.5804619679500337,0.6884427526992986,0.5752318552545138,0.4840552752463469,0.813563419730124,0.5066889632107023,0.5445444008915101
v5_fold1,test,saved_DTLD_temperature,0.8858115048803826,0.7458850070291634,0.43429629766337013,0.6886642698576387,0.5752318552545138,598,3,170,47,86,0.45281171798706055,0.22701233404427276,0.5066889632107023,1.0547252384178505,0.6471666500467974,0.6884427526992986,0.5752318552545138,0.4840552752463469,0.813563419730124,0.5066889632107023,0.5445444008915101
v5_fold1,train,primary,0.8728230787533009,0.7670061394494281,0.3625392268748258,0.667456148359185,0.5712695521438691,2390,3,685,224,275,1.0,0.11508612017105138,0.49539748953974894,0.99113622714084,0.5993693295180348,0.6815705756281045,0.5712695521438691,0.47816303788126163,0.8278429187487371,0.49539748953974894,0.5507911962985998
v5_fold1,train,exclude_unknown_relevant_sensitivity,0.88541912924884,0.7872745540266834,0.2549012033033343,0.6425316288596193,0.5678659611992946,2260,3,685,224,156,1.0,0.13555329771448998,0.47123893805309736,1.010956446578764,0.6140301689659686,0.6620773545267163,0.5678659611992946,0.443246787128063,0.8669852351422286,0.47123893805309736,0.5575332997151141
v5_fold1,train,unique_images_sensitivity,0.8730142335894318,0.7670161646341751,0.36740411482180324,0.6691448376818033,0.5713949307965519,2389,3,685,224,275,1.0,0.11539097913429124,0.4956048555881122,0.990873649889555,0.5991788318491423,0.6816174447215335,0.5713949307965519,0.4783296193831262,0.8278261016218711,0.4956048555881122,0.5509482983343583
v5_fold1,train,saved_DTLD_temperature,0.8654814777403539,0.7611384048588954,0.36360814685484305,0.6634093431513641,0.5712695521438691,2390,3,685,224,275,0.45281171798706055,0.2370509452312632,0.49539748953974894,1.1141003965999718,0.6845283922179277,0.6815705756281045,0.5712695521438691,0.47816303788126163,0.8278429187487371,0.49539748953974894,0.5507911962985998
v5_fold1,all,primary,0.8761903470532433,0.764357809969407,0.37660114067544664,0.672383099232699,0.5725724271492466,2988,3,855,271,361,1.0,0.11138803239426821,0.49765729585006696,0.9858910064505809,0.5955853260984684,0.6832433922763047,0.5725724271492466,0.4796864139506855,0.8249986740106727,0.49765729585006696,0.5494422318833727
v5_fold1,all,exclude_unknown_relevant_sensitivity,0.8879810697113295,0.7857447048424892,0.25704823718582337,0.6435913372465473,0.5670260962604499,2811,3,855,271,196,1.0,0.135428302771151,0.4702952685876912,1.0082145254945112,0.6121480457538951,0.6605380334962913,0.5670260962604499,0.4411488677529564,0.8651717250568278,0.4702952685876912,0.5554821078832577
v5_fold1,all,unique_images_sensitivity,0.8762165283342156,0.7643653124082215,0.38034909400886174,0.6736436449170996,0.5725758521315636,2986,3,854,271,361,1.0,0.1118206924688581,0.49765572672471536,0.9858055009598039,0.5955205914887801,0.6832513659946953,0.5725758521315636,0.4797330971422536,0.8249028265959054,0.49765572672471536,0.5493846294016838
v5_fold1,all,saved_DTLD_temperature,0.869352045651582,0.7582244245087336,0.3777783454675158,0.668451605209277,0.5725724271492466,2988,3,855,271,361,0.45281171798706055,0.23459327973058774,0.49765729585006696,1.1022174164818632,0.6770510422117911,0.6832433922763047,0.5725724271492466,0.4796864139506855,0.8249986740106727,0.49765729585006696,0.5494422318833727
v5_fold2,test,primary,0.8612705004304414,0.6868853973355666,0.35359221080103254,0.6339160361890136,0.5802671019816035,598,3,175,47,86,1.0,0.21026684453560654,0.5150501672240803,1.1037519172810524,0.6597714628741097,0.6860807800956107,0.5802671019816035,0.4893378722908129,0.8074865820117473,0.5150501672240803,0.5505768452659318
v5_fold2,test,exclude_unknown_relevant_sensitivity,0.8753815989453121,0.7229297491219533,0.26358056822927356,0.620630638765513,0.5910063627208643,551,3,175,47,43,1.0,0.24036438584446168,0.4809437386569873,1.1665382385073777,0.701530120225245,0.6664387657246008,0.5910063627208643,0.4433225844857902,0.8645953218490112,0.4809437386569873,0.5557595994234787
v5_fold2,test,unique_images_sensitivity,0.8612705004304414,0.6868853973355666,0.35359221080103254,0.6339160361890136,0.5802671019816035,598,3,175,47,86,1.0,0.21026684453560654,0.5150501672240803,1.1037519172810524,0.6597714628741097,0.6860807800956107,0.5802671019816035,0.4893378722908129,0.8074865820117473,0.5150501672240803,0.5505768452659318
v5_fold2,test,saved_DTLD_temperature,0.8590123978926727,0.6857207122979799,0.3539821430804566,0.6329050844237031,0.5802671019816035,598,3,175,47,86,0.7717349529266357,0.27641227014774744,0.5150501672240803,1.2404276934606246,0.7103821343352217,0.6860807800956107,0.5802671019816035,0.4893378722908129,0.8074865820117473,0.5150501672240803,0.5505768452659318
v5_fold2,train,primary,0.8510198865927581,0.6960796601410598,0.31190730109928466,0.6196689492777009,0.5771003143212355,2390,3,691,236,274,1.0,0.21803127059916197,0.5025104602510461,1.122033314287213,0.673912974385786,0.6571682699063607,0.5771003143212355,0.4840959235740599,0.7987836114689219,0.5025104602510461,0.5541415555783182
v5_fold2,train,exclude_unknown_relevant_sensitivity,0.8643295398904592,0.7154375327748066,0.23416855104861786,0.6046452079046278,0.5728848576467623,2260,3,691,236,155,1.0,0.24006475120218454,0.47876106194690266,1.1633525022879394,0.7016129884953719,0.6377950115483788,0.5728848576467623,0.44843378443417264,0.835786945461382,0.47876106194690266,0.560253962268643
v5_fold2,train,unique_images_sensitivity,0.8511853938470357,0.696097597598897,0.31222573376125395,0.6198362417357289,0.5772267911810951,2389,3,691,236,274,1.0,0.21776744151382102,0.5027208036835497,1.1215112087487555,0.6735484795781269,0.6572187950730568,0.5772267911810951,0.4842650276194595,0.7987645868651003,0.5027208036835497,0.5542998598921521
v5_fold2,train,saved_DTLD_temperature,0.849071613033776,0.6937517553306538,0.3128178985604211,0.6185470889749504,0.5771003143212355,2390,3,691,236,274,0.7717349529266357,0.2841060451664949,0.5025104602510461,1.2633059574004208,0.7278324706841844,0.6571682699063607,0.5771003143212355,0.4840959235740599,0.7987836114689219,0.5025104602510461,0.5541415555783182
v5_fold2,all,primary,0.8529550854339374,0.6936336801107624,0.31689714148422693,0.6211619690096423,0.5783026969954411,2988,3,866,283,360,1.0,0.2155623237288452,0.5050200803212851,1.1183745875771447,0.6710827789761532,0.662712461180924,0.5783026969954411,0.4856408788852562,0.8001786409751429,0.5050200803212851,0.55345182079111
v5_fold2,all,exclude_unknown_relevant_sensitivity,0.8663998000671607,0.715783953780968,0.23674341579100927,0.6063090565463793,0.5766422569788366,2811,3,866,283,198,1.0,0.23924449995190866,0.4791889007470651,1.1639769564526177,0.7015967450173072,0.6427861995308694,0.5766422569788366,0.44770314335622735,0.8408551672834941,0.4791889007470651,0.5595432626376284
v5_fold2,all,unique_images_sensitivity,0.852942267841514,0.6936571639465431,0.31716553276195236,0.6212549881833365,0.5783087202402055,2986,3,865,283,360,1.0,0.21550990887338242,0.5050234427327528,1.1182290338243426,0.6709759273229997,0.6627177344347818,0.5783087202402055,0.4856907361171245,0.8000706570404702,0.5050234427327528,0.5533981705243233
v5_fold2,all,saved_DTLD_temperature,0.8509262327427367,0.6915541603722449,0.3178581841321081,0.6201128590823632,0.5783026969954411,2988,3,866,283,360,0.7717349529266357,0.2817945023388349,0.5050200803212851,1.258727241926526,0.7243400673586556,0.662712461180924,0.5783026969954411,0.4856408788852562,0.8001786409751429,0.5050200803212851,0.55345182079111
v5_fold3,test,primary,0.8882240779022532,0.6936699548350762,0.42141888074312894,0.6677709711601528,0.6319029661174677,598,3,175,82,82,1.0,0.1612230368215505,0.5668896321070234,1.0403086611452352,0.6161795087913947,0.6643773643773644,0.6319029661174677,0.5576506786013836,0.79395150482107,0.5668896321070234,0.609762330865992
v5_fold3,test,exclude_unknown_relevant_sensitivity,0.9014273101076362,0.7194191432755686,0.32978210675696157,0.6502095200467221,0.6421427263572279,551,3,175,82,41,1.0,0.1800463317132677,0.5408348457350273,1.0892584425848126,0.6484698676293519,0.641548336318732,0.6421427263572279,0.5124933812971557,0.8455287421339596,0.5408348457350273,0.6191151590367342
v5_fold3,test,unique_images_sensitivity,0.8882240779022532,0.6936699548350762,0.42141888074312894,0.6677709711601528,0.6319029661174677,598,3,175,82,82,1.0,0.1612230368215505,0.5668896321070234,1.0403086611452352,0.6161795087913947,0.6643773643773644,0.6319029661174677,0.5576506786013836,0.79395150482107,0.5668896321070234,0.609762330865992
v5_fold3,test,saved_DTLD_temperature,0.8874384362344085,0.6894538449913986,0.42073640745562296,0.6658762295604767,0.6319029661174677,598,3,175,82,82,0.6768549084663391,0.2542279166249687,0.5668896321070234,1.242146540397919,0.6822526319141364,0.6643773643773644,0.6319029661174677,0.5576506786013836,0.79395150482107,0.5668896321070234,0.609762330865992
v5_fold3,train,primary,0.862248770148452,0.6905572800320792,0.2982328607930133,0.6170129703245149,0.6134314709490354,2390,3,666,349,266,1.0,0.19201138286613367,0.5359832635983264,1.1101603332333987,0.6587974163814849,0.6435250141282519,0.6134314709490354,0.5279871888418481,0.7910582054906696,0.5359832635983264,0.5897818464284668
v5_fold3,train,exclude_unknown_relevant_sensitivity,0.8768986205814298,0.7024868526159185,0.21622294534297298,0.5985361395134404,0.6141496598639457,2260,3,666,349,153,1.0,0.20900607999858026,0.5168141592920354,1.149369937887027,0.6843887773462094,0.6259881690471338,0.6141496598639457,0.49371048741161444,0.8294592968137086,0.5168141592920354,0.5981865682764036
v5_fold3,train,unique_images_sensitivity,0.8624655544800655,0.6905576308078365,0.2995939581500133,0.6175390478126385,0.6135533719456584,2389,3,666,349,266,1.0,0.1917030607592089,0.5362076182503139,1.1092534856911422,0.6583241916504743,0.6435840524254631,0.6135533719456584,0.5281660643392412,0.7910274217141037,0.5362076182503139,0.5899637868447595
v5_fold3,train,saved_DTLD_temperature,0.8612642391854783,0.6879535438019534,0.2979313086263138,0.6157163638712485,0.6134314709490354,2390,3,666,349,266,0.6768549084663391,0.2902390806790077,0.5359832635983264,1.3509291976722342,0.7347870867354434,0.6435250141282519,0.6134314709490354,0.5279871888418481,0.7910582054906696,0.5359832635983264,0.5897818464284668
v5_fold3,all,primary,0.8673344408343842,0.6908627310296249,0.31802590356104343,0.6254076918083508,0.61739726572875,2988,3,841,431,348,1.0,0.18486465177336311,0.5421686746987951,1.0961806478556473,0.6502681296549541,0.6477710412717891,0.61739726572875,0.5340772762517375,0.7915467965715003,0.5421686746987951,0.5936325455986837
v5_fold3,all,exclude_unknown_relevant_sensitivity,0.8818184287755875,0.7053896671182174,0.23148568854783397,0.6062312614805463,0.6197495557522729,2811,3,841,431,194,1.0,0.20285629206657627,0.5215225898256848,1.137587143895024,0.6773481088104611,0.6290648608363225,0.6197495557522729,0.4974267841314541,0.8326847191906566,0.5215225898256848,0.6023322171469859
v5_fold3,all,unique_images_sensitivity,0.8673592891767936,0.6908906072183997,0.3192399289005785,0.6258299417652572,0.6173973838315885,2986,3,840,431,348,1.0,0.18474273748600584,0.5421969189551239,1.0957449624594904,0.6500853481968153,0.6477925639490391,0.6173973838315885,0.5341328314796471,0.7914306845567272,0.5421969189551239,0.5936087353843001
v5_fold3,all,saved_DTLD_temperature,0.8664305984527947,0.6879933035398814,0.317769634789079,0.624064512260585,0.61739726572875,2988,3,841,431,348,0.6768549084663391,0.28287366108727685,0.5421686746987951,1.329158103612649,0.7242731630463062,0.6477710412717891,0.61739726572875,0.5340772762517375,0.7915467965715003,0.5421686746987951,0.5936325455986837
v5_ensemble4,test,primary,0.9009774253582669,0.7524007540784072,0.4459956739207263,0.6997912844524667,0.6401808161626893,598,3,195,68,86,1.0,0.07904847941742583,0.5836120401337793,0.9194831725629428,0.5507933099427968,0.7008371931862767,0.6401808161626893,0.5625491120540626,0.8215796493225377,0.5836120401337793,0.6233817003296125
v5_ensemble4,test,exclude_unknown_relevant_sensitivity,0.9112672914155355,0.7795723192197946,0.3374371754488714,0.6760922620280673,0.65092007690195,551,3,195,68,43,1.0,0.10235269455061471,0.5553539019963702,0.9613326911336779,0.5801673291615048,0.6734023878951416,0.65092007690195,0.5142641378384991,0.8721392583303733,0.5553539019963702,0.6311056140330822
v5_ensemble4,test,unique_images_sensitivity,0.9009774253582669,0.7524007540784072,0.4459956739207263,0.6997912844524667,0.6401808161626893,598,3,195,68,86,1.0,0.07904847941742583,0.5836120401337793,0.9194831725629428,0.5507933099427968,0.7008371931862767,0.6401808161626893,0.5625491120540626,0.8215796493225377,0.5836120401337793,0.6233817003296125
v5_ensemble4,train,primary,0.8760695457759569,0.7466538169178283,0.3757589002558712,0.6661607543165521,0.6175846416283575,2390,3,740,301,273,1.0,0.11306247650308263,0.5497907949790795,0.9635254843024904,0.5799231171164552,0.6626832440305883,0.6175846416283575,0.5316864623111026,0.8039789504248419,0.5497907949790795,0.6018619840752246
v5_ensemble4,train,exclude_unknown_relevant_sensitivity,0.8889902748873038,0.762294592951996,0.2968931942412069,0.6493926873601689,0.6144620811287478,2260,3,740,301,155,1.0,0.13150301910705559,0.5292035398230088,0.991492161179901,0.599653992987021,0.6413069980566699,0.6144620811287478,0.49481793632905663,0.8395179620181469,0.5292035398230088,0.6091731852298923
v5_ensemble4,train,unique_images_sensitivity,0.8762726116397763,0.7466557329379323,0.3767156983372904,0.6665480143049997,0.6177200871801608,2389,3,740,301,273,1.0,0.11275939970608323,0.5500209292591042,0.9629345413025614,0.5795261341763128,0.6627442334532799,0.6177200871801608,0.5318695750998582,0.8039601721893522,0.5500209292591042,0.6020359641203521
v5_ensemble4,all,primary,0.880825705299463,0.7473618479856386,0.3891899710779749,0.6724591747876922,0.622610530202876,2988,3,935,369,359,1.0,0.10445643779337575,0.5565595716198126,0.9547111260627819,0.5740932561091433,0.6701640332752615,0.622610530202876,0.5381188821753856,0.8072739103734342,0.5565595716198126,0.6060603336544517
v5_ensemble4,all,exclude_unknown_relevant_sensitivity,0.893288236603211,0.7650316475048465,0.30294729652633823,0.6537557268781319,0.6217918410280224,2811,3,935,369,198,1.0,0.12335154518081765,0.5343294201351833,0.9855804329709118,0.5958343018565125,0.6473489767322128,0.6217918410280224,0.4987212993781907,0.8457487253479637,0.5343294201351833,0.6135447654768047
v5_ensemble4,all,unique_images_sensitivity,0.8808588030115032,0.7473675680642116,0.38998731346284854,0.6727378948461878,0.6226328516393561,2986,3,934,369,359,1.0,0.10432719485613925,0.5565974547890155,0.9544621949567541,0.5739353894937473,0.6701857500984706,0.6226328516393561,0.5381919292306171,0.8071759498006583,0.5565974547890155,0.6060441871899868
