dataset,model,true,predicted,count
DTLD,A,RR,RR,3519
DTLD,A,RR,RG,422
DTLD,A,RR,NoR,418
DTLD,A,RG,RR,305
DTLD,A,RG,RG,6662
DTLD,A,RG,NoR,602
DTLD,A,NoR,RR,126
DTLD,A,NoR,RG,110
DTLD,A,NoR,NoR,289
DTLD,B,RR,RR,3683
DTLD,B,RR,RG,510
DTLD,B,RR,NoR,166
DTLD,B,RG,RR,223
DTLD,B,RG,RG,7134
DTLD,B,RG,NoR,212
DTLD,B,NoR,RR,167
DTLD,B,NoR,RG,155
DTLD,B,NoR,NoR,203
DTLD,C,RR,RR,3752
DTLD,C,RR,RG,513
DTLD,C,RR,NoR,94
DTLD,C,RG,RR,248
DTLD,C,RG,RG,7167
DTLD,C,RG,NoR,154
DTLD,C,NoR,RR,189
DTLD,C,NoR,RG,202
DTLD,C,NoR,NoR,134
DTLD,D,RR,RR,3800
DTLD,D,RR,RG,523
DTLD,D,RR,NoR,36
DTLD,D,RG,RR,241
DTLD,D,RG,RG,7281
DTLD,D,RG,NoR,47
DTLD,D,NoR,RR,223
DTLD,D,NoR,RG,252
DTLD,D,NoR,NoR,50
DTLD,v5_fold0,RR,RR,3568
DTLD,v5_fold0,RR,RG,375
DTLD,v5_fold0,RR,NoR,416
DTLD,v5_fold0,RG,RR,304
DTLD,v5_fold0,RG,RG,6558
DTLD,v5_fold0,RG,NoR,707
DTLD,v5_fold0,NoR,RR,121
DTLD,v5_fold0,NoR,RG,100
DTLD,v5_fold0,NoR,NoR,304
DTLD,v5_fold1,RR,RR,3355
DTLD,v5_fold1,RR,RG,360
DTLD,v5_fold1,RR,NoR,644
DTLD,v5_fold1,RG,RR,321
DTLD,v5_fold1,RG,RG,5963
DTLD,v5_fold1,RG,NoR,1285
DTLD,v5_fold1,NoR,RR,124
DTLD,v5_fold1,NoR,RG,101
DTLD,v5_fold1,NoR,NoR,300
DTLD,v5_fold2,RR,RR,3511
DTLD,v5_fold2,RR,RG,387
DTLD,v5_fold2,RR,NoR,461
DTLD,v5_fold2,RG,RR,324
DTLD,v5_fold2,RG,RG,6543
DTLD,v5_fold2,RG,NoR,702
DTLD,v5_fold2,NoR,RR,112
DTLD,v5_fold2,NoR,RG,118
DTLD,v5_fold2,NoR,NoR,295
DTLD,v5_fold3,RR,RR,3458
DTLD,v5_fold3,RR,RG,399
DTLD,v5_fold3,RR,NoR,502
DTLD,v5_fold3,RG,RR,317
DTLD,v5_fold3,RG,RG,6625
DTLD,v5_fold3,RG,NoR,627
DTLD,v5_fold3,NoR,RR,109
DTLD,v5_fold3,NoR,RG,124
DTLD,v5_fold3,NoR,NoR,292
DTLD,v5_ensemble4,RR,RR,3566
DTLD,v5_ensemble4,RR,RG,372
DTLD,v5_ensemble4,RR,NoR,421
DTLD,v5_ensemble4,RG,RR,264
DTLD,v5_ensemble4,RG,RG,6672
DTLD,v5_ensemble4,RG,NoR,633
DTLD,v5_ensemble4,NoR,RR,116
DTLD,v5_ensemble4,NoR,RG,106
DTLD,v5_ensemble4,NoR,NoR,303
DTLD,v6_axial_fold0,RR,RR,3721
DTLD,v6_axial_fold0,RR,RG,391
DTLD,v6_axial_fold0,RR,NoR,247
DTLD,v6_axial_fold0,RG,RR,232
DTLD,v6_axial_fold0,RG,RG,6944
DTLD,v6_axial_fold0,RG,NoR,393
DTLD,v6_axial_fold0,NoR,RR,127
DTLD,v6_axial_fold0,NoR,RG,125
DTLD,v6_axial_fold0,NoR,NoR,273
ATLAS,A,RR,RR,175
ATLAS,A,RR,RG,7
ATLAS,A,RR,NoR,63
ATLAS,A,RG,RR,15
ATLAS,A,RG,RG,55
ATLAS,A,RG,NoR,25
ATLAS,A,NoR,RR,12
ATLAS,A,NoR,RG,10
ATLAS,A,NoR,NoR,166
ATLAS,B,RR,RR,202
ATLAS,B,RR,RG,14
ATLAS,B,RR,NoR,29
ATLAS,B,RG,RR,12
ATLAS,B,RG,RG,74
ATLAS,B,RG,NoR,9
ATLAS,B,NoR,RR,23
ATLAS,B,NoR,RG,25
ATLAS,B,NoR,NoR,140
ATLAS,C,RR,RR,210
ATLAS,C,RR,RG,20
ATLAS,C,RR,NoR,15
ATLAS,C,RG,RR,6
ATLAS,C,RG,RG,86
ATLAS,C,RG,NoR,3
ATLAS,C,NoR,RR,30
ATLAS,C,NoR,RG,60
ATLAS,C,NoR,NoR,98
ATLAS,D,RR,RR,210
ATLAS,D,RR,RG,24
ATLAS,D,RR,NoR,11
ATLAS,D,RG,RR,7
ATLAS,D,RG,RG,85
ATLAS,D,RG,NoR,3
ATLAS,D,NoR,RR,35
ATLAS,D,NoR,RG,87
ATLAS,D,NoR,NoR,66
ATLAS,v5_fold0,RR,RR,164
ATLAS,v5_fold0,RR,RG,8
ATLAS,v5_fold0,RR,NoR,73
ATLAS,v5_fold0,RG,RR,12
ATLAS,v5_fold0,RG,RG,55
ATLAS,v5_fold0,RG,NoR,28
ATLAS,v5_fold0,NoR,RR,7
ATLAS,v5_fold0,NoR,RG,3
ATLAS,v5_fold0,NoR,NoR,178
ATLAS,v5_fold1,RR,RR,100
ATLAS,v5_fold1,RR,RG,6
ATLAS,v5_fold1,RR,NoR,139
ATLAS,v5_fold1,RG,RR,3
ATLAS,v5_fold1,RG,RG,48
ATLAS,v5_fold1,RG,NoR,44
ATLAS,v5_fold1,NoR,RR,2
ATLAS,v5_fold1,NoR,RG,8
ATLAS,v5_fold1,NoR,NoR,178
ATLAS,v5_fold2,RR,RR,174
ATLAS,v5_fold2,RR,RG,11
ATLAS,v5_fold2,RR,NoR,60
ATLAS,v5_fold2,RG,RR,12
ATLAS,v5_fold2,RG,RG,54
ATLAS,v5_fold2,RG,NoR,29
ATLAS,v5_fold2,NoR,RR,9
ATLAS,v5_fold2,NoR,RG,5
ATLAS,v5_fold2,NoR,NoR,174
ATLAS,v5_fold3,RR,RR,154
ATLAS,v5_fold3,RR,RG,6
ATLAS,v5_fold3,RR,NoR,85
ATLAS,v5_fold3,RG,RR,13
ATLAS,v5_fold3,RG,RG,50
ATLAS,v5_fold3,RG,NoR,32
ATLAS,v5_fold3,NoR,RR,7
ATLAS,v5_fold3,NoR,RG,3
ATLAS,v5_fold3,NoR,NoR,178
ATLAS,v5_ensemble4,RR,RR,164
ATLAS,v5_ensemble4,RR,RG,6
ATLAS,v5_ensemble4,RR,NoR,75
ATLAS,v5_ensemble4,RG,RR,11
ATLAS,v5_ensemble4,RG,RG,55
ATLAS,v5_ensemble4,RG,NoR,29
ATLAS,v5_ensemble4,NoR,RR,6
ATLAS,v5_ensemble4,NoR,RG,3
ATLAS,v5_ensemble4,NoR,NoR,179
ATLAS,v6_axial_fold0,RR,RR,134
ATLAS,v6_axial_fold0,RR,RG,5
ATLAS,v6_axial_fold0,RR,NoR,106
ATLAS,v6_axial_fold0,RG,RR,7
ATLAS,v6_axial_fold0,RG,RG,46
ATLAS,v6_axial_fold0,RG,NoR,42
ATLAS,v6_axial_fold0,NoR,RR,12
ATLAS,v6_axial_fold0,NoR,RG,4
ATLAS,v6_axial_fold0,NoR,NoR,172
VZC_TLD,A,RR,RR,243
VZC_TLD,A,RR,RG,13
VZC_TLD,A,RR,NoR,75
VZC_TLD,A,RG,RR,33
VZC_TLD,A,RG,RG,83
VZC_TLD,A,RG,NoR,60
VZC_TLD,A,NoR,RR,10
VZC_TLD,A,NoR,RG,9
VZC_TLD,A,NoR,NoR,72
VZC_TLD,B,RR,RR,253
VZC_TLD,B,RR,RG,21
VZC_TLD,B,RR,NoR,57
VZC_TLD,B,RG,RR,27
VZC_TLD,B,RG,RG,107
VZC_TLD,B,RG,NoR,42
VZC_TLD,B,NoR,RR,15
VZC_TLD,B,NoR,RG,12
VZC_TLD,B,NoR,NoR,64
VZC_TLD,C,RR,RR,284
VZC_TLD,C,RR,RG,38
VZC_TLD,C,RR,NoR,9
VZC_TLD,C,RG,RR,30
VZC_TLD,C,RG,RG,137
VZC_TLD,C,RG,NoR,9
VZC_TLD,C,NoR,RR,21
VZC_TLD,C,NoR,RG,40
VZC_TLD,C,NoR,NoR,30
VZC_TLD,D,RR,RR,275
VZC_TLD,D,RR,RG,52
VZC_TLD,D,RR,NoR,4
VZC_TLD,D,RG,RR,34
VZC_TLD,D,RG,RG,135
VZC_TLD,D,RG,NoR,7
VZC_TLD,D,NoR,RR,33
VZC_TLD,D,NoR,RG,35
VZC_TLD,D,NoR,NoR,23
VZC_TLD,v5_fold0,RR,RR,221
VZC_TLD,v5_fold0,RR,RG,12
VZC_TLD,v5_fold0,RR,NoR,98
VZC_TLD,v5_fold0,RG,RR,21
VZC_TLD,v5_fold0,RG,RG,84
VZC_TLD,v5_fold0,RG,NoR,71
VZC_TLD,v5_fold0,NoR,RR,6
VZC_TLD,v5_fold0,NoR,RG,6
VZC_TLD,v5_fold0,NoR,NoR,79
VZC_TLD,v5_fold1,RR,RR,170
VZC_TLD,v5_fold1,RR,RG,5
VZC_TLD,v5_fold1,RR,NoR,156
VZC_TLD,v5_fold1,RG,RR,9
VZC_TLD,v5_fold1,RG,RG,47
VZC_TLD,v5_fold1,RG,NoR,120
VZC_TLD,v5_fold1,NoR,RR,5
VZC_TLD,v5_fold1,NoR,RG,0
VZC_TLD,v5_fold1,NoR,NoR,86
VZC_TLD,v5_fold2,RR,RR,175
VZC_TLD,v5_fold2,RR,RG,3
VZC_TLD,v5_fold2,RR,NoR,153
VZC_TLD,v5_fold2,RG,RR,14
VZC_TLD,v5_fold2,RG,RG,47
VZC_TLD,v5_fold2,RG,NoR,115
VZC_TLD,v5_fold2,NoR,RR,3
VZC_TLD,v5_fold2,NoR,RG,2
VZC_TLD,v5_fold2,NoR,NoR,86
VZC_TLD,v5_fold3,RR,RR,175
VZC_TLD,v5_fold3,RR,RG,17
VZC_TLD,v5_fold3,RR,NoR,139
VZC_TLD,v5_fold3,RG,RR,7
VZC_TLD,v5_fold3,RG,RG,82
VZC_TLD,v5_fold3,RG,NoR,87
VZC_TLD,v5_fold3,NoR,RR,3
VZC_TLD,v5_fold3,NoR,RG,6
VZC_TLD,v5_fold3,NoR,NoR,82
VZC_TLD,v5_ensemble4,RR,RR,195
VZC_TLD,v5_ensemble4,RR,RG,6
VZC_TLD,v5_ensemble4,RR,NoR,130
VZC_TLD,v5_ensemble4,RG,RR,11
VZC_TLD,v5_ensemble4,RG,RG,68
VZC_TLD,v5_ensemble4,RG,NoR,97
VZC_TLD,v5_ensemble4,NoR,RR,3
VZC_TLD,v5_ensemble4,NoR,RG,2
VZC_TLD,v5_ensemble4,NoR,NoR,86
VZC_TLD,v6_axial_fold0,RR,RR,132
VZC_TLD,v6_axial_fold0,RR,RG,11
VZC_TLD,v6_axial_fold0,RR,NoR,188
VZC_TLD,v6_axial_fold0,RG,RR,10
VZC_TLD,v6_axial_fold0,RG,RG,66
VZC_TLD,v6_axial_fold0,RG,NoR,100
VZC_TLD,v6_axial_fold0,NoR,RR,7
VZC_TLD,v6_axial_fold0,NoR,RG,7
VZC_TLD,v6_axial_fold0,NoR,NoR,77
