dataset,model,AP_RR,AP_RG,AP_NoR,mAP,acc_bal,n,n_classes,cm_RR_RR,cm_RG_RG,cm_NoR_NoR,temperature,ece,accuracy,macro_F1,weighted_F1,nll,brier,mean_RR_RG_recall,macro_precision,macro_recall,macro_f1-score,weighted_precision,weighted_recall,weighted_f1-score
DTLD,A,0.9035156800550693,0.9451559450867165,0.2584028009626144,0.7023581420348001,0.7459801841758235,12453,3,3519,6662,289,1.0,0.05632805432366793,0.8407612623464226,0.6882393494668634,0.8583393614203362,0.476108806268926,0.2533499743245736,0.8437321810256401,,,,,,
DTLD,B,0.9228739788661291,0.955676423794924,0.28482814406215295,0.7211261822410687,0.7247046538671476,12453,3,3683,7134,203,1.0,0.07483355694384006,0.8849273267485747,0.7230293847340156,0.8855596561834098,0.3771912477250048,0.18920881915718293,0.8937236474673881,,,,,,
DTLD,C,0.9251816801499024,0.943199578316792,0.23486190282046904,0.7010810537623878,0.687624865948315,12453,3,3752,7167,134,1.0,0.09114597191727847,0.8875772906127037,0.7003509050486674,0.883607105038199,0.39360881996716673,0.19423135864515328,0.903818251303425,,,,,,
DTLD,D,0.925052279050694,0.9469173261424054,0.22688942711440924,0.6996196774358362,0.6429825775253212,12453,3,3800,7281,50,1.0,0.11107791916229347,0.8938408415642817,0.6551024927978836,0.8813713808946799,0.40240803289619625,0.1985141200287836,0.916854818668934,,,,,,
DTLD,v5_fold0,0.9086723216345883,0.9476416559468396,0.2436135893428699,0.6999758556414326,0.7546709450455605,12453,3,3568,6558,304,1.0,0.06876012521950874,0.8375491849353569,0.6880382196183737,0.8581552547842483,0.48796660405659975,0.2580825352430488,0.8424826080445313,,,,,,
DTLD,v5_fold1,0.898616061734186,0.9371348378344442,0.15270881388249277,0.6628199044837076,0.7096397496152645,12453,3,3355,5963,300,1.0,0.18613607810077987,0.7723440134907251,0.630850971568598,0.8150785658715609,0.6956265167537413,0.38622350903834957,0.7787453387086112,,,,,,
DTLD,v5_fold2,0.9012423494224732,0.9442533844429629,0.24522601478548411,0.6969072495503067,0.7439372721962435,12453,3,3511,6543,295,1.0,0.07075434164962678,0.831044728177949,0.6794002986748972,0.8526116395214809,0.4993123952094795,0.2649899769648083,0.8349535273419844,,,,,,
DTLD,v5_fold3,0.8958628136025388,0.9469208892031444,0.20533354503926712,0.6827057492816501,0.7415908141650199,12453,3,3458,6625,292,1.0,0.06759843388981675,0.8331325784951418,0.6798123517465443,0.8535563499340318,0.4995135854940589,0.2664716174003862,0.8342909831522919,,,,,,
DTLD,v5_ensemble4,0.9140650352722154,0.9504228480831438,0.24921259316895114,0.7045668255081035,0.7589035624004318,12453,3,3566,6672,303,1.0,0.11749568121687794,0.846462699751064,0.6957803285120997,0.8651981037948153,0.4997461288224156,0.26031200385661624,0.8497839150292191,,,,,,
DTLD,v6_axial_fold0,0.9163101923053867,0.9494902645046339,0.2815752995851631,0.7157919187983945,0.7636874997935186,12453,3,3721,6944,273,1.0,0.04499737785616068,0.8783425680558902,0.7285440571025038,0.8863503511524955,0.40884854650129726,0.20417556904553147,0.8855312496902779,,,,,,
ATLAS,A,0.8832232757200326,0.7300145095975983,0.756696968021511,0.7899782511130473,0.7254039353703408,528,3,175,55,166,1.0,0.03412525113912862,0.75,0.7309372064378435,0.7492840376595172,0.6682300928790905,0.373125080571426,0.6466165413533835,,,,,,
ATLAS,B,0.9103484652822544,0.7488912793475478,0.7849187054074196,0.8147194833457405,0.7827060051344166,528,3,202,74,140,1.0,0.09496813684437738,0.7878787878787878,0.7715800192672514,0.7893446733969913,0.6283339481723723,0.3452748811538654,0.8017185821697099,,,,,,
ATLAS,C,0.9288063289668523,0.8475863912704789,0.8289122938193577,0.8684350046855629,0.761227536927425,528,3,210,86,98,1.0,0.1502314571783547,0.7462121212121212,0.7197126073996863,0.7450533934206927,0.7372812942700755,0.4177125694576686,0.881203007518797,,,,,,
ATLAS,D,0.931417777785922,0.8804622430578157,0.7959979326533653,0.869292651165701,0.7009811763451181,528,3,210,85,66,1.0,0.11804525993486366,0.6837121212121212,0.6406000586101966,0.6726089966542452,0.7435572450825788,0.4261864544613375,0.8759398496240601,,,,,,
ATLAS,v5_fold0,0.8958379824199,0.7701483496006917,0.7704816569586369,0.8121559963264096,0.7317145447204637,528,3,164,55,178,1.0,0.058016797518032404,0.7518939393939394,0.7372991958948295,0.7499595015237321,0.650418722462924,0.36445169571514513,0.6241675617615468,,,,,,
ATLAS,v5_fold1,0.8881336148402786,0.7381505303748283,0.7390621521213506,0.7884487657788192,0.6200783112797191,528,3,100,48,178,1.0,0.141329636047103,0.6174242424242424,0.6104484233334605,0.6060570024494009,0.8693863086357465,0.5112735153463693,0.45671321160042966,,,,,,
ATLAS,v5_fold2,0.8738162259775193,0.734539207874348,0.7584726203040526,0.7889426847186399,0.7347190163859496,528,3,174,54,174,1.0,0.06280724348239627,0.7613636363636364,0.7390243902439023,0.7595053920580528,0.6443537848516595,0.3579523741481334,0.639312567132116,,,,,,
ATLAS,v5_fold3,0.8714840217019654,0.7670009017197353,0.7390567182902323,0.7925138805706444,0.7005652428944701,528,3,154,50,178,1.0,0.04459411072321898,0.7234848484848485,0.7071647409926958,0.7203618652780028,0.6923029623323229,0.3873969822132106,0.5774436090225563,,,,,,
ATLAS,v5_ensemble4,0.8955500542465705,0.7835740909969509,0.7791080256387974,0.8194107236274396,0.733487594365854,528,3,164,55,179,1.0,0.0781590009896009,0.7537878787878788,0.7406206255680944,0.7523820722018139,0.656942645257859,0.36587822114495017,0.6241675617615468,,,,,,
ATLAS,v6_axial_fold0,0.8211338545123238,0.628593509334951,0.5928962606929207,0.6808745415133984,0.64868097294909,528,3,134,46,172,1.0,0.1797871167447529,0.6666666666666666,0.6546218406116321,0.6639178554028393,1.006977702837635,0.537862030362009,0.5155746509129968,,,,,,
VZC_TLD,A,0.880195533120248,0.7038300904825199,0.44062954878597876,0.6748850574629155,0.6656462243697893,598,3,243,83,72,1.0,0.07315974198565912,0.6655518394648829,0.6205503804481677,0.6833905303071606,0.8395722570772483,0.48418164029141014,0.6028649409502884,0.662650875694354,0.6656462243697893,0.6205503804481677,0.7558699818915029,0.6655518394648829,0.6833905303071606
VZC_TLD,B,0.9112292807014504,0.747523410578094,0.43343011876997783,0.6973942700165074,0.6918672339744848,598,3,253,107,64,1.0,0.04964476654598381,0.7090301003344481,0.663152969004203,0.72340746137296,0.6951227887706528,0.3954170441952551,0.6861524993133754,0.671516956579866,0.6918672339744848,0.663152969004203,0.7593961928681696,0.7090301003344481,0.72340746137296
VZC_TLD,C,0.930104313903809,0.7602696402224913,0.47471351223282365,0.721695822119708,0.6553618209584976,598,3,284,137,30,1.0,0.10424103807627175,0.754180602006689,0.6617582641796519,0.7439965020017291,0.6695333572497432,0.37154863718666464,0.8182075666025816,0.703323498785144,0.6553618209584976,0.6617582641796519,0.7518943017277305,0.754180602006689,0.7439965020017291
VZC_TLD,D,0.9222447924333762,0.798918966435529,0.5476633876751027,0.7562757155146693,0.616869472420832,598,3,275,135,23,1.0,0.11878967569049499,0.7240802675585284,0.6212094051236868,0.7080103436772187,0.6667939151754393,0.3775800962277357,0.7989305822576216,0.6962240878649547,0.616869472420832,0.6212094051236868,0.726991339994436,0.7240802675585284,0.7080103436772187
VZC_TLD,v5_fold0,0.8948846170658409,0.7314106395000018,0.4387380845820747,0.6883444470493058,0.67102610380556,598,3,221,84,79,1.0,0.07272909389593774,0.6421404682274248,0.611259463244206,0.6713263798890451,0.8561603872651805,0.49979716557603066,0.572473221642406,0.6777356103731815,0.67102610380556,0.611259463244206,0.7841016544712609,0.6421404682274248,0.6713263798890451
VZC_TLD,v5_fold1,0.8906582032646855,0.7545612544729452,0.4331960181401138,0.6928051586259149,0.5752318552545138,598,3,170,47,86,1.0,0.09682890269417936,0.5066889632107023,0.4840552752463469,0.5445444008915101,0.9649276662336582,0.5804619679500337,0.39032031035429826,0.6884427526992986,0.5752318552545138,0.4840552752463469,0.813563419730124,0.5066889632107023,0.5445444008915101
VZC_TLD,v5_fold2,0.8612705004304414,0.6868853973355666,0.35359221080103254,0.6339160361890136,0.5802671019816035,598,3,175,47,86,1.0,0.21026684453560654,0.5150501672240803,0.4893378722908129,0.5505768452659318,1.1037519172810524,0.6597714628741097,0.3978731804449327,0.6860807800956107,0.5802671019816035,0.4893378722908129,0.8074865820117473,0.5150501672240803,0.5505768452659318
VZC_TLD,v5_fold3,0.8882240779022532,0.6936699548350762,0.42141888074312894,0.6677709711601528,0.6319029661174677,598,3,175,82,82,1.0,0.1612230368215505,0.5668896321070234,0.5576506786013836,0.609762330865992,1.0403086611452352,0.6161795087913947,0.4973049986267509,0.6643773643773644,0.6319029661174677,0.5576506786013836,0.79395150482107,0.5668896321070234,0.609762330865992
VZC_TLD,v5_ensemble4,0.9009774253582669,0.7524007540784072,0.4459956739207263,0.6997912844524667,0.6401808161626893,598,3,195,68,86,1.0,0.07904847941742583,0.5836120401337793,0.5625491120540626,0.6233817003296125,0.9194831725629428,0.5507933099427968,0.48774375171656137,0.7008371931862767,0.6401808161626893,0.5625491120540626,0.8215796493225377,0.5836120401337793,0.6233817003296125
VZC_TLD,v6_axial_fold0,0.7994690171555316,0.6232181363966822,0.3260769678428133,0.5829213737983424,0.5399817956464482,598,3,132,66,77,1.0,0.3185739066763215,0.459866220735786,0.46513720197930725,0.5052446526658815,1.431700836954601,0.8133267871049046,0.38689577039274925,0.627526410030777,0.5399817956464482,0.46513720197930725,0.7537088192116153,0.459866220735786,0.5052446526658815
