dataset,model,class_name,precision,recall,f1-score,support
DTLD,A,RR,0.8908860759493671,0.8072952512044047,0.8470333373450475,4359.0
DTLD,A,RG,0.9260494856825132,0.8801691108468754,0.9025265867371131,7569.0
DTLD,A,NoR,0.22077922077922077,0.5504761904761905,0.31515812431842966,525.0
DTLD,B,RR,0.9042474834274491,0.8449185593025923,0.8735768500948766,4359.0
DTLD,B,RG,0.9147326580330811,0.9425287356321839,0.9284226965122332,7569.0
DTLD,B,NoR,0.3493975903614458,0.38666666666666666,0.3670886075949367,525.0
DTLD,C,RR,0.8956791597039866,0.8607478779536591,0.8778661675245671,4359.0
DTLD,C,RG,0.9092869829992388,0.9468886246531907,0.9277069445343343,7569.0
DTLD,C,NoR,0.3507853403141361,0.25523809523809526,0.2954796030871003,525.0
DTLD,D,RR,0.8911819887429644,0.8717595778848359,0.8813637945030732,4359.0
DTLD,D,RG,0.903798411122145,0.9619500594530321,0.931968,7569.0
DTLD,D,NoR,0.37593984962406013,0.09523809523809523,0.1519756838905775,525.0
DTLD,v5_fold0,RR,0.8935637365389432,0.8185363615508144,0.8544061302681992,4359.0
DTLD,v5_fold0,RG,0.9324612540878715,0.8664288545382481,0.8982331187508561,7569.0
DTLD,v5_fold0,NoR,0.2130343377715487,0.579047619047619,0.3114754098360656,525.0
DTLD,v5_fold1,RR,0.8828947368421053,0.769671943106217,0.8224047064591249,4359.0
DTLD,v5_fold1,RG,0.9282378580323786,0.7878187343110055,0.8522832844993925,7569.0
DTLD,v5_fold1,NoR,0.13458950201884254,0.5714285714285714,0.2178649237472767,525.0
DTLD,v5_fold2,RR,0.8895363567266278,0.8054599678825418,0.8454129544907296,4359.0
DTLD,v5_fold2,RG,0.9283484676503972,0.8644470868014269,0.8952589450639666,7569.0
DTLD,v5_fold2,NoR,0.20233196159122085,0.5619047619047619,0.297528996469995,525.0
DTLD,v5_fold3,RR,0.8903192584963955,0.7933012158752007,0.8390149217517894,4359.0
DTLD,v5_fold3,RG,0.9268326804700615,0.875280750429383,0.900319358564925,7569.0
DTLD,v5_fold3,NoR,0.20548909218859956,0.5561904761904762,0.3001027749229188,525.0
DTLD,v5_ensemble4,RR,0.9036999493157628,0.8180775407203487,0.8587597832630945,4359.0
DTLD,v5_ensemble4,RG,0.9331468531468532,0.8814902893380896,0.9065833276717168,7569.0
DTLD,v5_ensemble4,NoR,0.22328666175386883,0.5771428571428572,0.32199787460148777,525.0
DTLD,v6_axial_fold0,RR,0.9120098039215686,0.8536361550814408,0.8818580400521389,4359.0
DTLD,v6_axial_fold0,RG,0.9308310991957105,0.9174263442991148,0.9240801117838845,7569.0
DTLD,v6_axial_fold0,NoR,0.29901423877327493,0.52,0.3796940194714882,525.0
ATLAS,A,RR,0.8663366336633663,0.7142857142857143,0.7829977628635347,245.0
ATLAS,A,RG,0.7638888888888888,0.5789473684210527,0.6586826347305389,95.0
ATLAS,A,NoR,0.6535433070866141,0.8829787234042553,0.751131221719457,188.0
ATLAS,B,RR,0.8523206751054853,0.8244897959183674,0.8381742738589212,245.0
ATLAS,B,RG,0.6548672566371682,0.7789473684210526,0.7115384615384616,95.0
ATLAS,B,NoR,0.7865168539325843,0.7446808510638298,0.7650273224043715,188.0
ATLAS,C,RR,0.8536585365853658,0.8571428571428571,0.8553971486761711,245.0
ATLAS,C,RG,0.5180722891566265,0.9052631578947369,0.6590038314176245,95.0
ATLAS,C,NoR,0.8448275862068966,0.5212765957446809,0.6447368421052632,188.0
ATLAS,D,RR,0.8333333333333334,0.8571428571428571,0.8450704225352113,245.0
ATLAS,D,RG,0.4336734693877551,0.8947368421052632,0.584192439862543,95.0
ATLAS,D,NoR,0.825,0.35106382978723405,0.4925373134328358,188.0
ATLAS,v5_fold0,RR,0.8961748633879781,0.6693877551020408,0.7663551401869159,245.0
ATLAS,v5_fold0,RG,0.8333333333333334,0.5789473684210527,0.6832298136645962,95.0
ATLAS,v5_fold0,NoR,0.6379928315412187,0.9468085106382979,0.7623126338329764,188.0
ATLAS,v5_fold1,RR,0.9523809523809523,0.40816326530612246,0.5714285714285714,245.0
ATLAS,v5_fold1,RG,0.7741935483870968,0.5052631578947369,0.6114649681528662,95.0
ATLAS,v5_fold1,NoR,0.4930747922437673,0.9468085106382979,0.6484517304189436,188.0
ATLAS,v5_fold2,RR,0.8923076923076924,0.710204081632653,0.7909090909090909,245.0
ATLAS,v5_fold2,RG,0.7714285714285715,0.5684210526315789,0.6545454545454545,95.0
ATLAS,v5_fold2,NoR,0.6615969581749049,0.925531914893617,0.7716186252771619,188.0
ATLAS,v5_fold3,RR,0.8850574712643678,0.6285714285714286,0.7350835322195705,245.0
ATLAS,v5_fold3,RG,0.847457627118644,0.5263157894736842,0.6493506493506493,95.0
ATLAS,v5_fold3,NoR,0.6033898305084746,0.9468085106382979,0.7370600414078675,188.0
ATLAS,v5_ensemble4,RR,0.9060773480662984,0.6693877551020408,0.7699530516431925,245.0
ATLAS,v5_ensemble4,RG,0.859375,0.5789473684210527,0.6918238993710691,95.0
ATLAS,v5_ensemble4,NoR,0.6325088339222615,0.9521276595744681,0.7600849256900213,188.0
ATLAS,v6_axial_fold0,RR,0.8758169934640523,0.5469387755102041,0.6733668341708543,245.0
ATLAS,v6_axial_fold0,RG,0.8363636363636363,0.4842105263157895,0.6133333333333333,95.0
ATLAS,v6_axial_fold0,NoR,0.5375,0.9148936170212766,0.6771653543307087,188.0
VZC_TLD,A,RR,0.8496503496503497,0.7341389728096677,0.7876823338735819,331.0
VZC_TLD,A,RG,0.7904761904761904,0.4715909090909091,0.5907473309608541,176.0
VZC_TLD,A,NoR,0.34782608695652173,0.7912087912087912,0.48322147651006714,91.0
VZC_TLD,B,RR,0.8576271186440678,0.7643504531722054,0.8083067092651757,331.0
VZC_TLD,B,RG,0.7642857142857142,0.6079545454545454,0.6772151898734177,176.0
VZC_TLD,B,NoR,0.39263803680981596,0.7032967032967034,0.5039370078740157,91.0
VZC_TLD,C,RR,0.8477611940298507,0.8580060422960725,0.8528528528528528,331.0
VZC_TLD,C,RG,0.6372093023255814,0.7784090909090909,0.7007672634271099,176.0
VZC_TLD,C,NoR,0.625,0.32967032967032966,0.4316546762589928,91.0
VZC_TLD,D,RR,0.804093567251462,0.8308157099697885,0.8172362555720654,331.0
VZC_TLD,D,RG,0.6081081081081081,0.7670454545454546,0.678391959798995,176.0
VZC_TLD,D,NoR,0.6764705882352942,0.25274725274725274,0.368,91.0
VZC_TLD,v5_fold0,RR,0.8911290322580645,0.6676737160120846,0.7633851468048359,331.0
VZC_TLD,v5_fold0,RG,0.8235294117647058,0.4772727272727273,0.60431654676259,176.0
VZC_TLD,v5_fold0,NoR,0.3185483870967742,0.8681318681318682,0.46607669616519176,91.0
VZC_TLD,v5_fold1,RR,0.9239130434782609,0.513595166163142,0.6601941747572816,331.0
VZC_TLD,v5_fold1,RG,0.9038461538461539,0.26704545454545453,0.41228070175438597,176.0
VZC_TLD,v5_fold1,NoR,0.23756906077348067,0.945054945054945,0.37969094922737306,91.0
VZC_TLD,v5_fold2,RR,0.9114583333333334,0.5287009063444109,0.6692160611854685,331.0
VZC_TLD,v5_fold2,RG,0.9038461538461539,0.26704545454545453,0.41228070175438597,176.0
VZC_TLD,v5_fold2,NoR,0.24293785310734464,0.945054945054945,0.3865168539325843,91.0
VZC_TLD,v5_fold3,RR,0.9459459459459459,0.5287009063444109,0.6782945736434108,331.0
VZC_TLD,v5_fold3,RG,0.780952380952381,0.4659090909090909,0.5836298932384342,176.0
VZC_TLD,v5_fold3,NoR,0.2662337662337662,0.9010989010989011,0.41102756892230574,91.0
VZC_TLD,v5_ensemble4,RR,0.9330143540669856,0.5891238670694864,0.7222222222222222,331.0
VZC_TLD,v5_ensemble4,RG,0.8947368421052632,0.38636363636363635,0.5396825396825397,176.0
VZC_TLD,v5_ensemble4,NoR,0.2747603833865815,0.945054945054945,0.42574257425742573,91.0
VZC_TLD,v6_axial_fold0,RR,0.8859060402684564,0.3987915407854985,0.55,331.0
VZC_TLD,v6_axial_fold0,RG,0.7857142857142857,0.375,0.5076923076923077,176.0
VZC_TLD,v6_axial_fold0,NoR,0.21095890410958903,0.8461538461538461,0.33771929824561403,91.0
