dataset,model,label,AP,precision,recall,f1-score,support
DTLD,DinoGlobal-MIL ViT-B,RR,0.9338928703867185,0.9146224146224147,0.8724478091305345,0.8930374545027592,4359.0
DTLD,DinoGlobal-MIL ViT-B,RG,0.9487466506651416,0.9171312721743538,0.9562689919408112,0.9362913136278378,7569.0
DTLD,DinoGlobal-MIL ViT-B,NoR,0.30122940940694015,0.4143920595533499,0.3180952380952381,0.3599137931034483,525.0
ATLAS,DinoGlobal-MIL ViT-B,RR,0.9499808924218245,0.9230769230769231,0.8326530612244898,0.8755364806866953,245.0
ATLAS,DinoGlobal-MIL ViT-B,RG,0.8834324445280393,0.6589147286821705,0.8947368421052632,0.7589285714285714,95.0
ATLAS,DinoGlobal-MIL ViT-B,NoR,0.8742176070999296,0.8033707865168539,0.7606382978723404,0.7814207650273224,188.0
VZC_TLD,DinoGlobal-MIL ViT-B,RR,0.9274323151022201,0.8294797687861272,0.8670694864048338,0.8478581979320532,331.0
VZC_TLD,DinoGlobal-MIL ViT-B,RG,0.8057395125556155,0.7142857142857143,0.7670454545454546,0.7397260273972602,176.0
VZC_TLD,DinoGlobal-MIL ViT-B,NoR,0.6507191788477185,0.6825396825396826,0.4725274725274725,0.5584415584415584,91.0
