model,split,policy,AP_RR,AP_RG,AP_NoR,mAP,acc_bal,n,n_classes,cm_RR_RR,cm_RG_RG,cm_NoR_NoR,temperature,ece,accuracy,nll,brier,macro_precision,macro_recall,macro_f1-score,weighted_precision,weighted_recall,weighted_f1-score
mean_4_individual_checkpoints,test,primary,0.8837593496658053,0.7166318115358975,0.4117362985665875,0.6707091532560967,0.6146070067897863,598.0,3.0,185.25,65.0,83.25,1.0,0.13526196948681854,0.5576923076923077,0.9912871579812816,0.5890525262978922,0.6791591268863638,0.6146070067897863,0.5355758223456873,0.7997757902585506,0.5576923076923077,0.5940524892281197
mean_4_individual_checkpoints,test,exclude_unknown_relevant_sensitivity,0.8960402156945775,0.7481153821407016,0.2952847851221683,0.6464801276524824,0.6221619518447313,551.0,3.0,185.25,65.0,41.25,1.0,0.1604904826332402,0.5290381125226861,1.0338900394508432,0.6178457449086229,0.6541922223908727,0.6221619518447313,0.48919536114792134,0.8508227173479512,0.5290381125226861,0.6014497582247031
mean_4_individual_checkpoints,test,unique_images_sensitivity,0.8837593496658053,0.7166318115358975,0.4117362985665875,0.6707091532560967,0.6146070067897863,598.0,3.0,185.25,65.0,83.25,1.0,0.13526196948681854,0.5576923076923077,0.9912871579812816,0.5890525262978922,0.6791591268863638,0.6146070067897863,0.5355758223456873,0.7997757902585506,0.5576923076923077,0.5940524892281197
mean_4_individual_checkpoints,test,saved_DTLD_temperature,0.8816552248571715,0.7133451500405247,0.41189998475219985,0.6689667865499653,0.6146070067897863,598.0,3.0,185.25,65.0,83.25,0.6812234669923782,0.21903391330721203,0.5576923076923077,1.1079929769549373,0.6384148719466003,0.6791591268863638,0.6146070067897863,0.5355758223456873,0.7997757902585506,0.5576923076923077,0.5940524892281197
mean_4_individual_checkpoints,train,primary,0.862320736591083,0.7216241129039298,0.33864538383946297,0.6408634111114919,0.5983828151782875,2390.0,3.0,731.75,287.25,263.0,1.0,0.15722706107551376,0.5364016736401673,1.034870413156061,0.6169473425309797,0.653573201303659,0.5983828151782875,0.5152035492515623,0.7926017787970374,0.5364016736401673,0.5851362126030686
mean_4_individual_checkpoints,train,exclude_unknown_relevant_sensitivity,0.8763582149611704,0.7388439880719857,0.25555095505783665,0.623584386030331,0.597617787855883,2260.0,3.0,731.75,287.25,150.5,1.0,0.1740418638547648,0.5174778761061947,1.063654990366,0.6365796685036231,0.6350539802212551,0.597617787855883,0.4807869055546361,0.8307085458697698,0.5174778761061947,0.5933727255399601
mean_4_individual_checkpoints,train,unique_images_sensitivity,0.8625077499950022,0.721632807589137,0.34040559927254155,0.6415153856188937,0.5985167506952228,2389.0,3.0,731.75,287.25,263.0,1.0,0.15708155869770768,0.5366262034323985,1.034291300041947,0.616582747171809,0.6536361854569681,0.5985167506952228,0.5153845446526207,0.7925850024785933,0.5366262034323985,0.585304602874451
mean_4_individual_checkpoints,train,saved_DTLD_temperature,0.8597853002192003,0.7186903722918958,0.33910364325690356,0.6391931052559999,0.5983828151782875,2390.0,3.0,731.75,287.25,263.0,0.6812234669923782,0.24091907832010812,0.5364016736401673,1.1746402746565627,0.6755885015715533,0.653573201303659,0.5983828151782875,0.5152035492515623,0.7926017787970374,0.5364016736401673,0.5851362126030686
mean_4_individual_checkpoints,all,primary,0.8663626286942179,0.7202882913951981,0.35022495238924856,0.6456252908262214,0.6021801067901722,2988.0,3.0,917.0,352.25,346.25,1.0,0.1521560384884404,0.5406626506024097,1.0261479276826617,0.6113646450385478,0.6587361831836052,0.6021801067901722,0.5196182675748047,0.7938568355440211,0.5406626506024097,0.5868251684787404
mean_4_individual_checkpoints,all,exclude_unknown_relevant_sensitivity,0.8801095513937145,0.740118835992893,0.2585325904226634,0.626253659269757,0.6025808032525123,2811.0,3.0,917.0,352.25,191.75,1.0,0.17083485775517213,0.5197438633938101,1.0578205940820256,0.6329075262407826,0.6386799567147956,0.6025808032525123,0.4825574370046681,0.834511006061307,0.5197438633938101,0.5950129617171177
mean_4_individual_checkpoints,all,unique_images_sensitivity,0.8663702300207374,0.7203061568522574,0.3516379352652806,0.6461047740460918,0.6021981765244655,2986.0,3.0,916.0,352.25,346.25,1.0,0.15217751878755442,0.540689886135298,1.0259176082146726,0.6112309055448114,0.6587549567436534,0.6021981765244655,0.5196844413475635,0.7937531039682497,0.540689886135298,0.5867954767262202
mean_4_individual_checkpoints,all,saved_DTLD_temperature,0.8639264835370253,0.7173433085598588,0.35074137110104303,0.6440037210659757,0.6021801067901722,2988.0,3.0,917.0,352.25,346.25,0.6812234669923782,0.23604736913441998,0.5406626506024097,1.1613018931219,0.6681487992570547,0.6587361831836052,0.6021801067901722,0.5196182675748047,0.7938568355440211,0.5406626506024097,0.5868251684787404
