model,split,policy,class_name,precision,recall,f1-score,support
v5_fold0,test,primary,RR,0.8911290322580645,0.6676737160120846,0.7633851468048359,331.0
v5_fold0,test,primary,RG,0.8235294117647058,0.4772727272727273,0.60431654676259,176.0
v5_fold0,test,primary,NoR,0.3185483870967742,0.8681318681318682,0.46607669616519176,91.0
v5_fold0,test,exclude_unknown_relevant_sensitivity,RR,0.9057377049180327,0.6676737160120846,0.768695652173913,331.0
v5_fold0,test,exclude_unknown_relevant_sensitivity,RG,0.865979381443299,0.4772727272727273,0.6153846153846154,176.0
v5_fold0,test,exclude_unknown_relevant_sensitivity,NoR,0.19523809523809524,0.9318181818181818,0.3228346456692913,44.0
v5_fold0,test,unique_images_sensitivity,RR,0.8911290322580645,0.6676737160120846,0.7633851468048359,331.0
v5_fold0,test,unique_images_sensitivity,RG,0.8235294117647058,0.4772727272727273,0.60431654676259,176.0
v5_fold0,test,unique_images_sensitivity,NoR,0.3185483870967742,0.8681318681318682,0.46607669616519176,91.0
v5_fold0,test,saved_DTLD_temperature,RR,0.8911290322580645,0.6676737160120846,0.7633851468048359,331.0
v5_fold0,test,saved_DTLD_temperature,RG,0.8235294117647058,0.4772727272727273,0.60431654676259,176.0
v5_fold0,test,saved_DTLD_temperature,NoR,0.3185483870967742,0.8681318681318682,0.46607669616519176,91.0
v5_fold0,train,primary,RR,0.841254752851711,0.6555555555555556,0.7368859283930058,1350.0
v5_fold0,train,primary,RG,0.794392523364486,0.46258503401360546,0.58469475494411,735.0
v5_fold0,train,primary,NoR,0.26043956043956046,0.7770491803278688,0.39012345679012345,305.0
v5_fold0,train,exclude_unknown_relevant_sensitivity,RR,0.8575581395348837,0.6555555555555556,0.743073047858942,1350.0
v5_fold0,train,exclude_unknown_relevant_sensitivity,RG,0.815347721822542,0.46258503401360546,0.5902777777777778,735.0
v5_fold0,train,exclude_unknown_relevant_sensitivity,NoR,0.17016029593094945,0.7885714285714286,0.2799188640973631,175.0
v5_fold0,train,unique_images_sensitivity,RR,0.841254752851711,0.6560415122312825,0.7371928363182008,1349.0
v5_fold0,train,unique_images_sensitivity,RG,0.794392523364486,0.46258503401360546,0.58469475494411,735.0
v5_fold0,train,unique_images_sensitivity,NoR,0.2607260726072607,0.7770491803278688,0.3904448105436573,305.0
v5_fold0,train,saved_DTLD_temperature,RR,0.841254752851711,0.6555555555555556,0.7368859283930058,1350.0
v5_fold0,train,saved_DTLD_temperature,RG,0.794392523364486,0.46258503401360546,0.58469475494411,735.0
v5_fold0,train,saved_DTLD_temperature,NoR,0.26043956043956046,0.7770491803278688,0.39012345679012345,305.0
v5_fold0,all,primary,RR,0.8507692307692307,0.6579417013682332,0.7420328748742033,1681.0
v5_fold0,all,primary,RG,0.8,0.4654226125137212,0.5884802220680083,911.0
v5_fold0,all,primary,NoR,0.27288428324697755,0.797979797979798,0.4066924066924067,396.0
v5_fold0,all,exclude_unknown_relevant_sensitivity,RR,0.8667711598746082,0.6579417013682332,0.7480554616165032,1681.0
v5_fold0,all,exclude_unknown_relevant_sensitivity,RG,0.8249027237354085,0.4654226125137212,0.5950877192982457,911.0
v5_fold0,all,exclude_unknown_relevant_sensitivity,NoR,0.17531831537708129,0.817351598173516,0.2887096774193548,219.0
v5_fold0,all,unique_images_sensitivity,RR,0.850654349499615,0.658129839189994,0.7421087978509067,1679.0
v5_fold0,all,unique_images_sensitivity,RG,0.8,0.4654226125137212,0.5884802220680083,911.0
v5_fold0,all,unique_images_sensitivity,NoR,0.2731201382886776,0.797979797979798,0.4069542820347714,396.0
v5_fold0,all,saved_DTLD_temperature,RR,0.8507692307692307,0.6579417013682332,0.7420328748742033,1681.0
v5_fold0,all,saved_DTLD_temperature,RG,0.8,0.4654226125137212,0.5884802220680083,911.0
v5_fold0,all,saved_DTLD_temperature,NoR,0.27288428324697755,0.797979797979798,0.4066924066924067,396.0
v5_fold1,test,primary,RR,0.9239130434782609,0.513595166163142,0.6601941747572816,331.0
v5_fold1,test,primary,RG,0.9038461538461539,0.26704545454545453,0.41228070175438597,176.0
v5_fold1,test,primary,NoR,0.23756906077348067,0.945054945054945,0.37969094922737306,91.0
v5_fold1,test,exclude_unknown_relevant_sensitivity,RR,0.9289617486338798,0.513595166163142,0.6614785992217899,331.0
v5_fold1,test,exclude_unknown_relevant_sensitivity,RG,0.9038461538461539,0.26704545454545453,0.41228070175438597,176.0
v5_fold1,test,exclude_unknown_relevant_sensitivity,NoR,0.12658227848101267,0.9090909090909091,0.2222222222222222,44.0
v5_fold1,test,unique_images_sensitivity,RR,0.9239130434782609,0.513595166163142,0.6601941747572816,331.0
v5_fold1,test,unique_images_sensitivity,RG,0.9038461538461539,0.26704545454545453,0.41228070175438597,176.0
v5_fold1,test,unique_images_sensitivity,NoR,0.23756906077348067,0.945054945054945,0.37969094922737306,91.0
v5_fold1,test,saved_DTLD_temperature,RR,0.9239130434782609,0.513595166163142,0.6601941747572816,331.0
v5_fold1,test,saved_DTLD_temperature,RG,0.9038461538461539,0.26704545454545453,0.41228070175438597,176.0
v5_fold1,test,saved_DTLD_temperature,NoR,0.23756906077348067,0.945054945054945,0.37969094922737306,91.0
v5_fold1,train,primary,RR,0.910904255319149,0.5074074074074074,0.6517602283539486,1350.0
v5_fold1,train,primary,RG,0.9372384937238494,0.3047619047619048,0.459958932238193,735.0
v5_fold1,train,primary,NoR,0.19656897784131522,0.9016393442622951,0.3227699530516432,305.0
v5_fold1,train,exclude_unknown_relevant_sensitivity,RR,0.9231805929919138,0.5074074074074074,0.6548757170172084,1350.0
v5_fold1,train,exclude_unknown_relevant_sensitivity,RG,0.9411764705882353,0.3047619047619048,0.460431654676259,735.0
v5_fold1,train,exclude_unknown_relevant_sensitivity,NoR,0.121875,0.8914285714285715,0.21443298969072164,175.0
v5_fold1,train,unique_images_sensitivity,RR,0.910904255319149,0.507783543365456,0.6520704426463588,1349.0
v5_fold1,train,unique_images_sensitivity,RG,0.9372384937238494,0.3047619047619048,0.459958932238193,735.0
v5_fold1,train,unique_images_sensitivity,NoR,0.19670958512160228,0.9016393442622951,0.32295948326482676,305.0
v5_fold1,train,saved_DTLD_temperature,RR,0.910904255319149,0.5074074074074074,0.6517602283539486,1350.0
v5_fold1,train,saved_DTLD_temperature,RG,0.9372384937238494,0.3047619047619048,0.459958932238193,735.0
v5_fold1,train,saved_DTLD_temperature,NoR,0.19656897784131522,0.9016393442622951,0.3227699530516432,305.0
v5_fold1,all,primary,RR,0.9134615384615384,0.5086258179654968,0.6534199465036301,1681.0
v5_fold1,all,primary,RG,0.9312714776632303,0.29747530186608123,0.4509151414309484,911.0
v5_fold1,all,primary,NoR,0.20499716070414536,0.9116161616161617,0.33472415391747795,396.0
v5_fold1,all,exclude_unknown_relevant_sensitivity,RR,0.9243243243243243,0.5086258179654968,0.6561780506523408,1681.0
v5_fold1,all,exclude_unknown_relevant_sensitivity,RG,0.9344827586206896,0.29747530186608123,0.45129059117402165,911.0
v5_fold1,all,exclude_unknown_relevant_sensitivity,NoR,0.12280701754385964,0.8949771689497716,0.2159779614325069,219.0
v5_fold1,all,unique_images_sensitivity,RR,0.9133689839572192,0.5086360929124479,0.6534047436878347,1679.0
v5_fold1,all,unique_images_sensitivity,RG,0.9312714776632303,0.29747530186608123,0.4509151414309484,911.0
v5_fold1,all,unique_images_sensitivity,NoR,0.20511363636363636,0.9116161616161617,0.33487940630797774,396.0
v5_fold1,all,saved_DTLD_temperature,RR,0.9134615384615384,0.5086258179654968,0.6534199465036301,1681.0
v5_fold1,all,saved_DTLD_temperature,RG,0.9312714776632303,0.29747530186608123,0.4509151414309484,911.0
v5_fold1,all,saved_DTLD_temperature,NoR,0.20499716070414536,0.9116161616161617,0.33472415391747795,396.0
v5_fold2,test,primary,RR,0.9114583333333334,0.5287009063444109,0.6692160611854685,331.0
v5_fold2,test,primary,RG,0.9038461538461539,0.26704545454545453,0.41228070175438597,176.0
v5_fold2,test,primary,NoR,0.24293785310734464,0.945054945054945,0.3865168539325843,91.0
v5_fold2,test,exclude_unknown_relevant_sensitivity,RR,0.9210526315789473,0.5287009063444109,0.6717850287907869,331.0
v5_fold2,test,exclude_unknown_relevant_sensitivity,RG,0.94,0.26704545454545453,0.415929203539823,176.0
v5_fold2,test,exclude_unknown_relevant_sensitivity,NoR,0.1382636655948553,0.9772727272727273,0.24225352112676057,44.0
v5_fold2,test,unique_images_sensitivity,RR,0.9114583333333334,0.5287009063444109,0.6692160611854685,331.0
v5_fold2,test,unique_images_sensitivity,RG,0.9038461538461539,0.26704545454545453,0.41228070175438597,176.0
v5_fold2,test,unique_images_sensitivity,NoR,0.24293785310734464,0.945054945054945,0.3865168539325843,91.0
v5_fold2,test,saved_DTLD_temperature,RR,0.9114583333333334,0.5287009063444109,0.6692160611854685,331.0
v5_fold2,test,saved_DTLD_temperature,RG,0.9038461538461539,0.26704545454545453,0.41228070175438597,176.0
v5_fold2,test,saved_DTLD_temperature,NoR,0.24293785310734464,0.945054945054945,0.3865168539325843,91.0
v5_fold2,train,primary,RR,0.8904639175257731,0.5118518518518519,0.6500470366886171,1350.0
v5_fold2,train,primary,RG,0.8773234200743495,0.32108843537414966,0.4701195219123506,735.0
v5_fold2,train,primary,NoR,0.2037174721189591,0.898360655737705,0.3321212121212121,305.0
v5_fold2,train,exclude_unknown_relevant_sensitivity,RR,0.8997395833333334,0.5118518518518519,0.6525023607176582,1350.0
v5_fold2,train,exclude_unknown_relevant_sensitivity,RG,0.8872180451127819,0.32108843537414966,0.47152847152847155,735.0
v5_fold2,train,exclude_unknown_relevant_sensitivity,NoR,0.1264274061990212,0.8857142857142857,0.22127052105638828,175.0
v5_fold2,train,unique_images_sensitivity,RR,0.8904639175257731,0.5122312824314307,0.6503529411764706,1349.0
v5_fold2,train,unique_images_sensitivity,RG,0.8773234200743495,0.32108843537414966,0.4701195219123506,735.0
v5_fold2,train,unique_images_sensitivity,NoR,0.20386904761904762,0.898360655737705,0.3323226197695573,305.0
v5_fold2,train,saved_DTLD_temperature,RR,0.8904639175257731,0.5118518518518519,0.6500470366886171,1350.0
v5_fold2,train,saved_DTLD_temperature,RG,0.8773234200743495,0.32108843537414966,0.4701195219123506,735.0
v5_fold2,train,saved_DTLD_temperature,NoR,0.2037174721189591,0.898360655737705,0.3321212121212121,305.0
v5_fold2,all,primary,RR,0.8946280991735537,0.5151695419393219,0.6538316345790864,1681.0
v5_fold2,all,primary,RG,0.881619937694704,0.3106476399560922,0.4594155844155844,911.0
v5_fold2,all,primary,NoR,0.21188934667451442,0.9090909090909091,0.3436754176610978,396.0
v5_fold2,all,exclude_unknown_relevant_sensitivity,RR,0.9039665970772442,0.5151695419393219,0.6563092080333459,1681.0
v5_fold2,all,exclude_unknown_relevant_sensitivity,RG,0.8955696202531646,0.3106476399560922,0.4612876935615322,911.0
v5_fold2,all,exclude_unknown_relevant_sensitivity,NoR,0.12882238126219908,0.9041095890410958,0.2255125284738041,219.0
v5_fold2,all,unique_images_sensitivity,RR,0.8945191313340227,0.5151876116736153,0.653817082388511,1679.0
v5_fold2,all,unique_images_sensitivity,RG,0.881619937694704,0.3106476399560922,0.4594155844155844,911.0
v5_fold2,all,unique_images_sensitivity,NoR,0.21201413427561838,0.9090909090909091,0.3438395415472779,396.0
v5_fold2,all,saved_DTLD_temperature,RR,0.8946280991735537,0.5151695419393219,0.6538316345790864,1681.0
v5_fold2,all,saved_DTLD_temperature,RG,0.881619937694704,0.3106476399560922,0.4594155844155844,911.0
v5_fold2,all,saved_DTLD_temperature,NoR,0.21188934667451442,0.9090909090909091,0.3436754176610978,396.0
v5_fold3,test,primary,RR,0.9459459459459459,0.5287009063444109,0.6782945736434108,331.0
v5_fold3,test,primary,RG,0.780952380952381,0.4659090909090909,0.5836298932384342,176.0
v5_fold3,test,primary,NoR,0.2662337662337662,0.9010989010989011,0.41102756892230574,91.0
v5_fold3,test,exclude_unknown_relevant_sensitivity,RR,0.9510869565217391,0.5287009063444109,0.6796116504854369,331.0
v5_fold3,test,exclude_unknown_relevant_sensitivity,RG,0.82,0.4659090909090909,0.5942028985507246,176.0
v5_fold3,test,exclude_unknown_relevant_sensitivity,NoR,0.15355805243445692,0.9318181818181818,0.26366559485530544,44.0
v5_fold3,test,unique_images_sensitivity,RR,0.9459459459459459,0.5287009063444109,0.6782945736434108,331.0
v5_fold3,test,unique_images_sensitivity,RG,0.780952380952381,0.4659090909090909,0.5836298932384342,176.0
v5_fold3,test,unique_images_sensitivity,NoR,0.2662337662337662,0.9010989010989011,0.41102756892230574,91.0
v5_fold3,test,saved_DTLD_temperature,RR,0.9459459459459459,0.5287009063444109,0.6782945736434108,331.0
v5_fold3,test,saved_DTLD_temperature,RG,0.780952380952381,0.4659090909090909,0.5836298932384342,176.0
v5_fold3,test,saved_DTLD_temperature,NoR,0.2662337662337662,0.9010989010989011,0.41102756892230574,91.0
v5_fold3,train,primary,RR,0.9186206896551724,0.49333333333333335,0.6419277108433735,1350.0
v5_fold3,train,primary,RG,0.7949886104783599,0.4748299319727891,0.5945485519591142,735.0
v5_fold3,train,primary,NoR,0.2169657422512235,0.8721311475409836,0.3474853037230568,305.0
v5_fold3,train,exclude_unknown_relevant_sensitivity,RR,0.9288702928870293,0.49333333333333335,0.6444121915820029,1350.0
v5_fold3,train,exclude_unknown_relevant_sensitivity,RG,0.8116279069767441,0.4748299319727891,0.5991416309012876,735.0
v5_fold3,train,exclude_unknown_relevant_sensitivity,NoR,0.13746630727762804,0.8742857142857143,0.2375776397515528,175.0
v5_fold3,train,unique_images_sensitivity,RR,0.9186206896551724,0.4936990363232024,0.6422372227579557,1349.0
v5_fold3,train,unique_images_sensitivity,RG,0.7949886104783599,0.4748299319727891,0.5945485519591142,735.0
v5_fold3,train,unique_images_sensitivity,NoR,0.21714285714285714,0.8721311475409836,0.3477124183006536,305.0
v5_fold3,train,saved_DTLD_temperature,RR,0.9186206896551724,0.49333333333333335,0.6419277108433735,1350.0
v5_fold3,train,saved_DTLD_temperature,RG,0.7949886104783599,0.4748299319727891,0.5945485519591142,735.0
v5_fold3,train,saved_DTLD_temperature,NoR,0.2169657422512235,0.8721311475409836,0.3474853037230568,305.0
v5_fold3,all,primary,RR,0.9241758241758242,0.5002974419988102,0.6491702045542261,1681.0
v5_fold3,all,primary,RG,0.7922794117647058,0.47310647639956094,0.5924398625429553,911.0
v5_fold3,all,primary,NoR,0.22685788787483702,0.8787878787878788,0.3606217616580311,396.0
v5_fold3,all,exclude_unknown_relevant_sensitivity,RR,0.9334073251942286,0.5002974419988102,0.65143299767622,1681.0
v5_fold3,all,exclude_unknown_relevant_sensitivity,RG,0.8132075471698114,0.47310647639956094,0.5981956974323387,911.0
v5_fold3,all,exclude_unknown_relevant_sensitivity,NoR,0.14057971014492754,0.8858447488584474,0.24265165728580362,219.0
v5_fold3,all,unique_images_sensitivity,RR,0.9240924092409241,0.5002977963073257,0.6491499227202473,1679.0
v5_fold3,all,unique_images_sensitivity,RG,0.7922794117647058,0.47310647639956094,0.5924398625429553,911.0
v5_fold3,all,unique_images_sensitivity,NoR,0.22700587084148727,0.8787878787878788,0.3608087091757387,396.0
v5_fold3,all,saved_DTLD_temperature,RR,0.9241758241758242,0.5002974419988102,0.6491702045542261,1681.0
v5_fold3,all,saved_DTLD_temperature,RG,0.7922794117647058,0.47310647639956094,0.5924398625429553,911.0
v5_fold3,all,saved_DTLD_temperature,NoR,0.22685788787483702,0.8787878787878788,0.3606217616580311,396.0
v5_ensemble4,test,primary,RR,0.9330143540669856,0.5891238670694864,0.7222222222222222,331.0
v5_ensemble4,test,primary,RG,0.8947368421052632,0.38636363636363635,0.5396825396825397,176.0
v5_ensemble4,test,primary,NoR,0.2747603833865815,0.945054945054945,0.42574257425742573,91.0
v5_ensemble4,test,exclude_unknown_relevant_sensitivity,RR,0.9420289855072463,0.5891238670694864,0.724907063197026,331.0
v5_ensemble4,test,exclude_unknown_relevant_sensitivity,RG,0.918918918918919,0.38636363636363635,0.544,176.0
v5_ensemble4,test,exclude_unknown_relevant_sensitivity,NoR,0.15925925925925927,0.9772727272727273,0.27388535031847133,44.0
v5_ensemble4,test,unique_images_sensitivity,RR,0.9330143540669856,0.5891238670694864,0.7222222222222222,331.0
v5_ensemble4,test,unique_images_sensitivity,RG,0.8947368421052632,0.38636363636363635,0.5396825396825397,176.0
v5_ensemble4,test,unique_images_sensitivity,NoR,0.2747603833865815,0.945054945054945,0.42574257425742573,91.0
v5_ensemble4,train,primary,RR,0.9046454767726161,0.5481481481481482,0.6826568265682657,1350.0
v5_ensemble4,train,primary,RG,0.86,0.4095238095238095,0.5548387096774193,735.0
v5_ensemble4,train,primary,NoR,0.22340425531914893,0.8950819672131147,0.3575638506876228,305.0
v5_ensemble4,train,exclude_unknown_relevant_sensitivity,RR,0.9135802469135802,0.5481481481481482,0.6851851851851852,1350.0
v5_ensemble4,train,exclude_unknown_relevant_sensitivity,RG,0.869942196531792,0.4095238095238095,0.5568917668825162,735.0
v5_ensemble4,train,exclude_unknown_relevant_sensitivity,NoR,0.1403985507246377,0.8857142857142857,0.24237685691946834,175.0
v5_ensemble4,train,unique_images_sensitivity,RR,0.9046454767726161,0.5485544848035582,0.6829718504845408,1349.0
v5_ensemble4,train,unique_images_sensitivity,RG,0.86,0.4095238095238095,0.5548387096774193,735.0
v5_ensemble4,train,unique_images_sensitivity,NoR,0.22358722358722358,0.8950819672131147,0.3577981651376147,305.0
v5_ensemble4,all,primary,RR,0.9104186952288218,0.5562165377751338,0.6905465288035451,1681.0
v5_ensemble4,all,primary,RG,0.8661971830985915,0.40504939626783754,0.5519820493642483,911.0
v5_ensemble4,all,primary,NoR,0.23387622149837134,0.9065656565656566,0.3718280683583635,396.0
v5_ensemble4,all,exclude_unknown_relevant_sensitivity,RR,0.9193706981317601,0.5562165377751338,0.6931060044477391,1681.0
v5_ensemble4,all,exclude_unknown_relevant_sensitivity,RG,0.8785714285714286,0.40504939626783754,0.5544703230653644,911.0
v5_ensemble4,all,exclude_unknown_relevant_sensitivity,NoR,0.14410480349344978,0.9041095890410958,0.24858757062146894,219.0
v5_ensemble4,all,unique_images_sensitivity,RR,0.9103313840155945,0.5562835020845741,0.6905730129390019,1679.0
v5_ensemble4,all,unique_images_sensitivity,RG,0.8661971830985915,0.40504939626783754,0.5519820493642483,911.0
v5_ensemble4,all,unique_images_sensitivity,NoR,0.23402868318122555,0.9065656565656566,0.37202072538860104,396.0
