model,split,policy,true,predicted,count
v5_fold0,test,primary,RR,RR,221
v5_fold0,test,primary,RR,RG,12
v5_fold0,test,primary,RR,NoR,98
v5_fold0,test,primary,RG,RR,21
v5_fold0,test,primary,RG,RG,84
v5_fold0,test,primary,RG,NoR,71
v5_fold0,test,primary,NoR,RR,6
v5_fold0,test,primary,NoR,RG,6
v5_fold0,test,primary,NoR,NoR,79
v5_fold0,test,exclude_unknown_relevant_sensitivity,RR,RR,221
v5_fold0,test,exclude_unknown_relevant_sensitivity,RR,RG,12
v5_fold0,test,exclude_unknown_relevant_sensitivity,RR,NoR,98
v5_fold0,test,exclude_unknown_relevant_sensitivity,RG,RR,21
v5_fold0,test,exclude_unknown_relevant_sensitivity,RG,RG,84
v5_fold0,test,exclude_unknown_relevant_sensitivity,RG,NoR,71
v5_fold0,test,exclude_unknown_relevant_sensitivity,NoR,RR,2
v5_fold0,test,exclude_unknown_relevant_sensitivity,NoR,RG,1
v5_fold0,test,exclude_unknown_relevant_sensitivity,NoR,NoR,41
v5_fold0,test,unique_images_sensitivity,RR,RR,221
v5_fold0,test,unique_images_sensitivity,RR,RG,12
v5_fold0,test,unique_images_sensitivity,RR,NoR,98
v5_fold0,test,unique_images_sensitivity,RG,RR,21
v5_fold0,test,unique_images_sensitivity,RG,RG,84
v5_fold0,test,unique_images_sensitivity,RG,NoR,71
v5_fold0,test,unique_images_sensitivity,NoR,RR,6
v5_fold0,test,unique_images_sensitivity,NoR,RG,6
v5_fold0,test,unique_images_sensitivity,NoR,NoR,79
v5_fold0,test,saved_DTLD_temperature,RR,RR,221
v5_fold0,test,saved_DTLD_temperature,RR,RG,12
v5_fold0,test,saved_DTLD_temperature,RR,NoR,98
v5_fold0,test,saved_DTLD_temperature,RG,RR,21
v5_fold0,test,saved_DTLD_temperature,RG,RG,84
v5_fold0,test,saved_DTLD_temperature,RG,NoR,71
v5_fold0,test,saved_DTLD_temperature,NoR,RR,6
v5_fold0,test,saved_DTLD_temperature,NoR,RG,6
v5_fold0,test,saved_DTLD_temperature,NoR,NoR,79
v5_fold0,train,primary,RR,RR,885
v5_fold0,train,primary,RR,RG,66
v5_fold0,train,primary,RR,NoR,399
v5_fold0,train,primary,RG,RR,121
v5_fold0,train,primary,RG,RG,340
v5_fold0,train,primary,RG,NoR,274
v5_fold0,train,primary,NoR,RR,46
v5_fold0,train,primary,NoR,RG,22
v5_fold0,train,primary,NoR,NoR,237
v5_fold0,train,exclude_unknown_relevant_sensitivity,RR,RR,885
v5_fold0,train,exclude_unknown_relevant_sensitivity,RR,RG,66
v5_fold0,train,exclude_unknown_relevant_sensitivity,RR,NoR,399
v5_fold0,train,exclude_unknown_relevant_sensitivity,RG,RR,121
v5_fold0,train,exclude_unknown_relevant_sensitivity,RG,RG,340
v5_fold0,train,exclude_unknown_relevant_sensitivity,RG,NoR,274
v5_fold0,train,exclude_unknown_relevant_sensitivity,NoR,RR,26
v5_fold0,train,exclude_unknown_relevant_sensitivity,NoR,RG,11
v5_fold0,train,exclude_unknown_relevant_sensitivity,NoR,NoR,138
v5_fold0,train,unique_images_sensitivity,RR,RR,885
v5_fold0,train,unique_images_sensitivity,RR,RG,66
v5_fold0,train,unique_images_sensitivity,RR,NoR,398
v5_fold0,train,unique_images_sensitivity,RG,RR,121
v5_fold0,train,unique_images_sensitivity,RG,RG,340
v5_fold0,train,unique_images_sensitivity,RG,NoR,274
v5_fold0,train,unique_images_sensitivity,NoR,RR,46
v5_fold0,train,unique_images_sensitivity,NoR,RG,22
v5_fold0,train,unique_images_sensitivity,NoR,NoR,237
v5_fold0,train,saved_DTLD_temperature,RR,RR,885
v5_fold0,train,saved_DTLD_temperature,RR,RG,66
v5_fold0,train,saved_DTLD_temperature,RR,NoR,399
v5_fold0,train,saved_DTLD_temperature,RG,RR,121
v5_fold0,train,saved_DTLD_temperature,RG,RG,340
v5_fold0,train,saved_DTLD_temperature,RG,NoR,274
v5_fold0,train,saved_DTLD_temperature,NoR,RR,46
v5_fold0,train,saved_DTLD_temperature,NoR,RG,22
v5_fold0,train,saved_DTLD_temperature,NoR,NoR,237
v5_fold0,all,primary,RR,RR,1106
v5_fold0,all,primary,RR,RG,78
v5_fold0,all,primary,RR,NoR,497
v5_fold0,all,primary,RG,RR,142
v5_fold0,all,primary,RG,RG,424
v5_fold0,all,primary,RG,NoR,345
v5_fold0,all,primary,NoR,RR,52
v5_fold0,all,primary,NoR,RG,28
v5_fold0,all,primary,NoR,NoR,316
v5_fold0,all,exclude_unknown_relevant_sensitivity,RR,RR,1106
v5_fold0,all,exclude_unknown_relevant_sensitivity,RR,RG,78
v5_fold0,all,exclude_unknown_relevant_sensitivity,RR,NoR,497
v5_fold0,all,exclude_unknown_relevant_sensitivity,RG,RR,142
v5_fold0,all,exclude_unknown_relevant_sensitivity,RG,RG,424
v5_fold0,all,exclude_unknown_relevant_sensitivity,RG,NoR,345
v5_fold0,all,exclude_unknown_relevant_sensitivity,NoR,RR,28
v5_fold0,all,exclude_unknown_relevant_sensitivity,NoR,RG,12
v5_fold0,all,exclude_unknown_relevant_sensitivity,NoR,NoR,179
v5_fold0,all,unique_images_sensitivity,RR,RR,1105
v5_fold0,all,unique_images_sensitivity,RR,RG,78
v5_fold0,all,unique_images_sensitivity,RR,NoR,496
v5_fold0,all,unique_images_sensitivity,RG,RR,142
v5_fold0,all,unique_images_sensitivity,RG,RG,424
v5_fold0,all,unique_images_sensitivity,RG,NoR,345
v5_fold0,all,unique_images_sensitivity,NoR,RR,52
v5_fold0,all,unique_images_sensitivity,NoR,RG,28
v5_fold0,all,unique_images_sensitivity,NoR,NoR,316
v5_fold0,all,saved_DTLD_temperature,RR,RR,1106
v5_fold0,all,saved_DTLD_temperature,RR,RG,78
v5_fold0,all,saved_DTLD_temperature,RR,NoR,497
v5_fold0,all,saved_DTLD_temperature,RG,RR,142
v5_fold0,all,saved_DTLD_temperature,RG,RG,424
v5_fold0,all,saved_DTLD_temperature,RG,NoR,345
v5_fold0,all,saved_DTLD_temperature,NoR,RR,52
v5_fold0,all,saved_DTLD_temperature,NoR,RG,28
v5_fold0,all,saved_DTLD_temperature,NoR,NoR,316
v5_fold1,test,primary,RR,RR,170
v5_fold1,test,primary,RR,RG,5
v5_fold1,test,primary,RR,NoR,156
v5_fold1,test,primary,RG,RR,9
v5_fold1,test,primary,RG,RG,47
v5_fold1,test,primary,RG,NoR,120
v5_fold1,test,primary,NoR,RR,5
v5_fold1,test,primary,NoR,RG,0
v5_fold1,test,primary,NoR,NoR,86
v5_fold1,test,exclude_unknown_relevant_sensitivity,RR,RR,170
v5_fold1,test,exclude_unknown_relevant_sensitivity,RR,RG,5
v5_fold1,test,exclude_unknown_relevant_sensitivity,RR,NoR,156
v5_fold1,test,exclude_unknown_relevant_sensitivity,RG,RR,9
v5_fold1,test,exclude_unknown_relevant_sensitivity,RG,RG,47
v5_fold1,test,exclude_unknown_relevant_sensitivity,RG,NoR,120
v5_fold1,test,exclude_unknown_relevant_sensitivity,NoR,RR,4
v5_fold1,test,exclude_unknown_relevant_sensitivity,NoR,RG,0
v5_fold1,test,exclude_unknown_relevant_sensitivity,NoR,NoR,40
v5_fold1,test,unique_images_sensitivity,RR,RR,170
v5_fold1,test,unique_images_sensitivity,RR,RG,5
v5_fold1,test,unique_images_sensitivity,RR,NoR,156
v5_fold1,test,unique_images_sensitivity,RG,RR,9
v5_fold1,test,unique_images_sensitivity,RG,RG,47
v5_fold1,test,unique_images_sensitivity,RG,NoR,120
v5_fold1,test,unique_images_sensitivity,NoR,RR,5
v5_fold1,test,unique_images_sensitivity,NoR,RG,0
v5_fold1,test,unique_images_sensitivity,NoR,NoR,86
v5_fold1,test,saved_DTLD_temperature,RR,RR,170
v5_fold1,test,saved_DTLD_temperature,RR,RG,5
v5_fold1,test,saved_DTLD_temperature,RR,NoR,156
v5_fold1,test,saved_DTLD_temperature,RG,RR,9
v5_fold1,test,saved_DTLD_temperature,RG,RG,47
v5_fold1,test,saved_DTLD_temperature,RG,NoR,120
v5_fold1,test,saved_DTLD_temperature,NoR,RR,5
v5_fold1,test,saved_DTLD_temperature,NoR,RG,0
v5_fold1,test,saved_DTLD_temperature,NoR,NoR,86
v5_fold1,train,primary,RR,RR,685
v5_fold1,train,primary,RR,RG,10
v5_fold1,train,primary,RR,NoR,655
v5_fold1,train,primary,RG,RR,42
v5_fold1,train,primary,RG,RG,224
v5_fold1,train,primary,RG,NoR,469
v5_fold1,train,primary,NoR,RR,25
v5_fold1,train,primary,NoR,RG,5
v5_fold1,train,primary,NoR,NoR,275
v5_fold1,train,exclude_unknown_relevant_sensitivity,RR,RR,685
v5_fold1,train,exclude_unknown_relevant_sensitivity,RR,RG,10
v5_fold1,train,exclude_unknown_relevant_sensitivity,RR,NoR,655
v5_fold1,train,exclude_unknown_relevant_sensitivity,RG,RR,42
v5_fold1,train,exclude_unknown_relevant_sensitivity,RG,RG,224
v5_fold1,train,exclude_unknown_relevant_sensitivity,RG,NoR,469
v5_fold1,train,exclude_unknown_relevant_sensitivity,NoR,RR,15
v5_fold1,train,exclude_unknown_relevant_sensitivity,NoR,RG,4
v5_fold1,train,exclude_unknown_relevant_sensitivity,NoR,NoR,156
v5_fold1,train,unique_images_sensitivity,RR,RR,685
v5_fold1,train,unique_images_sensitivity,RR,RG,10
v5_fold1,train,unique_images_sensitivity,RR,NoR,654
v5_fold1,train,unique_images_sensitivity,RG,RR,42
v5_fold1,train,unique_images_sensitivity,RG,RG,224
v5_fold1,train,unique_images_sensitivity,RG,NoR,469
v5_fold1,train,unique_images_sensitivity,NoR,RR,25
v5_fold1,train,unique_images_sensitivity,NoR,RG,5
v5_fold1,train,unique_images_sensitivity,NoR,NoR,275
v5_fold1,train,saved_DTLD_temperature,RR,RR,685
v5_fold1,train,saved_DTLD_temperature,RR,RG,10
v5_fold1,train,saved_DTLD_temperature,RR,NoR,655
v5_fold1,train,saved_DTLD_temperature,RG,RR,42
v5_fold1,train,saved_DTLD_temperature,RG,RG,224
v5_fold1,train,saved_DTLD_temperature,RG,NoR,469
v5_fold1,train,saved_DTLD_temperature,NoR,RR,25
v5_fold1,train,saved_DTLD_temperature,NoR,RG,5
v5_fold1,train,saved_DTLD_temperature,NoR,NoR,275
v5_fold1,all,primary,RR,RR,855
v5_fold1,all,primary,RR,RG,15
v5_fold1,all,primary,RR,NoR,811
v5_fold1,all,primary,RG,RR,51
v5_fold1,all,primary,RG,RG,271
v5_fold1,all,primary,RG,NoR,589
v5_fold1,all,primary,NoR,RR,30
v5_fold1,all,primary,NoR,RG,5
v5_fold1,all,primary,NoR,NoR,361
v5_fold1,all,exclude_unknown_relevant_sensitivity,RR,RR,855
v5_fold1,all,exclude_unknown_relevant_sensitivity,RR,RG,15
v5_fold1,all,exclude_unknown_relevant_sensitivity,RR,NoR,811
v5_fold1,all,exclude_unknown_relevant_sensitivity,RG,RR,51
v5_fold1,all,exclude_unknown_relevant_sensitivity,RG,RG,271
v5_fold1,all,exclude_unknown_relevant_sensitivity,RG,NoR,589
v5_fold1,all,exclude_unknown_relevant_sensitivity,NoR,RR,19
v5_fold1,all,exclude_unknown_relevant_sensitivity,NoR,RG,4
v5_fold1,all,exclude_unknown_relevant_sensitivity,NoR,NoR,196
v5_fold1,all,unique_images_sensitivity,RR,RR,854
v5_fold1,all,unique_images_sensitivity,RR,RG,15
v5_fold1,all,unique_images_sensitivity,RR,NoR,810
v5_fold1,all,unique_images_sensitivity,RG,RR,51
v5_fold1,all,unique_images_sensitivity,RG,RG,271
v5_fold1,all,unique_images_sensitivity,RG,NoR,589
v5_fold1,all,unique_images_sensitivity,NoR,RR,30
v5_fold1,all,unique_images_sensitivity,NoR,RG,5
v5_fold1,all,unique_images_sensitivity,NoR,NoR,361
v5_fold1,all,saved_DTLD_temperature,RR,RR,855
v5_fold1,all,saved_DTLD_temperature,RR,RG,15
v5_fold1,all,saved_DTLD_temperature,RR,NoR,811
v5_fold1,all,saved_DTLD_temperature,RG,RR,51
v5_fold1,all,saved_DTLD_temperature,RG,RG,271
v5_fold1,all,saved_DTLD_temperature,RG,NoR,589
v5_fold1,all,saved_DTLD_temperature,NoR,RR,30
v5_fold1,all,saved_DTLD_temperature,NoR,RG,5
v5_fold1,all,saved_DTLD_temperature,NoR,NoR,361
v5_fold2,test,primary,RR,RR,175
v5_fold2,test,primary,RR,RG,3
v5_fold2,test,primary,RR,NoR,153
v5_fold2,test,primary,RG,RR,14
v5_fold2,test,primary,RG,RG,47
v5_fold2,test,primary,RG,NoR,115
v5_fold2,test,primary,NoR,RR,3
v5_fold2,test,primary,NoR,RG,2
v5_fold2,test,primary,NoR,NoR,86
v5_fold2,test,exclude_unknown_relevant_sensitivity,RR,RR,175
v5_fold2,test,exclude_unknown_relevant_sensitivity,RR,RG,3
v5_fold2,test,exclude_unknown_relevant_sensitivity,RR,NoR,153
v5_fold2,test,exclude_unknown_relevant_sensitivity,RG,RR,14
v5_fold2,test,exclude_unknown_relevant_sensitivity,RG,RG,47
v5_fold2,test,exclude_unknown_relevant_sensitivity,RG,NoR,115
v5_fold2,test,exclude_unknown_relevant_sensitivity,NoR,RR,1
v5_fold2,test,exclude_unknown_relevant_sensitivity,NoR,RG,0
v5_fold2,test,exclude_unknown_relevant_sensitivity,NoR,NoR,43
v5_fold2,test,unique_images_sensitivity,RR,RR,175
v5_fold2,test,unique_images_sensitivity,RR,RG,3
v5_fold2,test,unique_images_sensitivity,RR,NoR,153
v5_fold2,test,unique_images_sensitivity,RG,RR,14
v5_fold2,test,unique_images_sensitivity,RG,RG,47
v5_fold2,test,unique_images_sensitivity,RG,NoR,115
v5_fold2,test,unique_images_sensitivity,NoR,RR,3
v5_fold2,test,unique_images_sensitivity,NoR,RG,2
v5_fold2,test,unique_images_sensitivity,NoR,NoR,86
v5_fold2,test,saved_DTLD_temperature,RR,RR,175
v5_fold2,test,saved_DTLD_temperature,RR,RG,3
v5_fold2,test,saved_DTLD_temperature,RR,NoR,153
v5_fold2,test,saved_DTLD_temperature,RG,RR,14
v5_fold2,test,saved_DTLD_temperature,RG,RG,47
v5_fold2,test,saved_DTLD_temperature,RG,NoR,115
v5_fold2,test,saved_DTLD_temperature,NoR,RR,3
v5_fold2,test,saved_DTLD_temperature,NoR,RG,2
v5_fold2,test,saved_DTLD_temperature,NoR,NoR,86
v5_fold2,train,primary,RR,RR,691
v5_fold2,train,primary,RR,RG,24
v5_fold2,train,primary,RR,NoR,635
v5_fold2,train,primary,RG,RR,63
v5_fold2,train,primary,RG,RG,236
v5_fold2,train,primary,RG,NoR,436
v5_fold2,train,primary,NoR,RR,22
v5_fold2,train,primary,NoR,RG,9
v5_fold2,train,primary,NoR,NoR,274
v5_fold2,train,exclude_unknown_relevant_sensitivity,RR,RR,691
v5_fold2,train,exclude_unknown_relevant_sensitivity,RR,RG,24
v5_fold2,train,exclude_unknown_relevant_sensitivity,RR,NoR,635
v5_fold2,train,exclude_unknown_relevant_sensitivity,RG,RR,63
v5_fold2,train,exclude_unknown_relevant_sensitivity,RG,RG,236
v5_fold2,train,exclude_unknown_relevant_sensitivity,RG,NoR,436
v5_fold2,train,exclude_unknown_relevant_sensitivity,NoR,RR,14
v5_fold2,train,exclude_unknown_relevant_sensitivity,NoR,RG,6
v5_fold2,train,exclude_unknown_relevant_sensitivity,NoR,NoR,155
v5_fold2,train,unique_images_sensitivity,RR,RR,691
v5_fold2,train,unique_images_sensitivity,RR,RG,24
v5_fold2,train,unique_images_sensitivity,RR,NoR,634
v5_fold2,train,unique_images_sensitivity,RG,RR,63
v5_fold2,train,unique_images_sensitivity,RG,RG,236
v5_fold2,train,unique_images_sensitivity,RG,NoR,436
v5_fold2,train,unique_images_sensitivity,NoR,RR,22
v5_fold2,train,unique_images_sensitivity,NoR,RG,9
v5_fold2,train,unique_images_sensitivity,NoR,NoR,274
v5_fold2,train,saved_DTLD_temperature,RR,RR,691
v5_fold2,train,saved_DTLD_temperature,RR,RG,24
v5_fold2,train,saved_DTLD_temperature,RR,NoR,635
v5_fold2,train,saved_DTLD_temperature,RG,RR,63
v5_fold2,train,saved_DTLD_temperature,RG,RG,236
v5_fold2,train,saved_DTLD_temperature,RG,NoR,436
v5_fold2,train,saved_DTLD_temperature,NoR,RR,22
v5_fold2,train,saved_DTLD_temperature,NoR,RG,9
v5_fold2,train,saved_DTLD_temperature,NoR,NoR,274
v5_fold2,all,primary,RR,RR,866
v5_fold2,all,primary,RR,RG,27
v5_fold2,all,primary,RR,NoR,788
v5_fold2,all,primary,RG,RR,77
v5_fold2,all,primary,RG,RG,283
v5_fold2,all,primary,RG,NoR,551
v5_fold2,all,primary,NoR,RR,25
v5_fold2,all,primary,NoR,RG,11
v5_fold2,all,primary,NoR,NoR,360
v5_fold2,all,exclude_unknown_relevant_sensitivity,RR,RR,866
v5_fold2,all,exclude_unknown_relevant_sensitivity,RR,RG,27
v5_fold2,all,exclude_unknown_relevant_sensitivity,RR,NoR,788
v5_fold2,all,exclude_unknown_relevant_sensitivity,RG,RR,77
v5_fold2,all,exclude_unknown_relevant_sensitivity,RG,RG,283
v5_fold2,all,exclude_unknown_relevant_sensitivity,RG,NoR,551
v5_fold2,all,exclude_unknown_relevant_sensitivity,NoR,RR,15
v5_fold2,all,exclude_unknown_relevant_sensitivity,NoR,RG,6
v5_fold2,all,exclude_unknown_relevant_sensitivity,NoR,NoR,198
v5_fold2,all,unique_images_sensitivity,RR,RR,865
v5_fold2,all,unique_images_sensitivity,RR,RG,27
v5_fold2,all,unique_images_sensitivity,RR,NoR,787
v5_fold2,all,unique_images_sensitivity,RG,RR,77
v5_fold2,all,unique_images_sensitivity,RG,RG,283
v5_fold2,all,unique_images_sensitivity,RG,NoR,551
v5_fold2,all,unique_images_sensitivity,NoR,RR,25
v5_fold2,all,unique_images_sensitivity,NoR,RG,11
v5_fold2,all,unique_images_sensitivity,NoR,NoR,360
v5_fold2,all,saved_DTLD_temperature,RR,RR,866
v5_fold2,all,saved_DTLD_temperature,RR,RG,27
v5_fold2,all,saved_DTLD_temperature,RR,NoR,788
v5_fold2,all,saved_DTLD_temperature,RG,RR,77
v5_fold2,all,saved_DTLD_temperature,RG,RG,283
v5_fold2,all,saved_DTLD_temperature,RG,NoR,551
v5_fold2,all,saved_DTLD_temperature,NoR,RR,25
v5_fold2,all,saved_DTLD_temperature,NoR,RG,11
v5_fold2,all,saved_DTLD_temperature,NoR,NoR,360
v5_fold3,test,primary,RR,RR,175
v5_fold3,test,primary,RR,RG,17
v5_fold3,test,primary,RR,NoR,139
v5_fold3,test,primary,RG,RR,7
v5_fold3,test,primary,RG,RG,82
v5_fold3,test,primary,RG,NoR,87
v5_fold3,test,primary,NoR,RR,3
v5_fold3,test,primary,NoR,RG,6
v5_fold3,test,primary,NoR,NoR,82
v5_fold3,test,exclude_unknown_relevant_sensitivity,RR,RR,175
v5_fold3,test,exclude_unknown_relevant_sensitivity,RR,RG,17
v5_fold3,test,exclude_unknown_relevant_sensitivity,RR,NoR,139
v5_fold3,test,exclude_unknown_relevant_sensitivity,RG,RR,7
v5_fold3,test,exclude_unknown_relevant_sensitivity,RG,RG,82
v5_fold3,test,exclude_unknown_relevant_sensitivity,RG,NoR,87
v5_fold3,test,exclude_unknown_relevant_sensitivity,NoR,RR,2
v5_fold3,test,exclude_unknown_relevant_sensitivity,NoR,RG,1
v5_fold3,test,exclude_unknown_relevant_sensitivity,NoR,NoR,41
v5_fold3,test,unique_images_sensitivity,RR,RR,175
v5_fold3,test,unique_images_sensitivity,RR,RG,17
v5_fold3,test,unique_images_sensitivity,RR,NoR,139
v5_fold3,test,unique_images_sensitivity,RG,RR,7
v5_fold3,test,unique_images_sensitivity,RG,RG,82
v5_fold3,test,unique_images_sensitivity,RG,NoR,87
v5_fold3,test,unique_images_sensitivity,NoR,RR,3
v5_fold3,test,unique_images_sensitivity,NoR,RG,6
v5_fold3,test,unique_images_sensitivity,NoR,NoR,82
v5_fold3,test,saved_DTLD_temperature,RR,RR,175
v5_fold3,test,saved_DTLD_temperature,RR,RG,17
v5_fold3,test,saved_DTLD_temperature,RR,NoR,139
v5_fold3,test,saved_DTLD_temperature,RG,RR,7
v5_fold3,test,saved_DTLD_temperature,RG,RG,82
v5_fold3,test,saved_DTLD_temperature,RG,NoR,87
v5_fold3,test,saved_DTLD_temperature,NoR,RR,3
v5_fold3,test,saved_DTLD_temperature,NoR,RG,6
v5_fold3,test,saved_DTLD_temperature,NoR,NoR,82
v5_fold3,train,primary,RR,RR,666
v5_fold3,train,primary,RR,RG,69
v5_fold3,train,primary,RR,NoR,615
v5_fold3,train,primary,RG,RR,41
v5_fold3,train,primary,RG,RG,349
v5_fold3,train,primary,RG,NoR,345
v5_fold3,train,primary,NoR,RR,18
v5_fold3,train,primary,NoR,RG,21
v5_fold3,train,primary,NoR,NoR,266
v5_fold3,train,exclude_unknown_relevant_sensitivity,RR,RR,666
v5_fold3,train,exclude_unknown_relevant_sensitivity,RR,RG,69
v5_fold3,train,exclude_unknown_relevant_sensitivity,RR,NoR,615
v5_fold3,train,exclude_unknown_relevant_sensitivity,RG,RR,41
v5_fold3,train,exclude_unknown_relevant_sensitivity,RG,RG,349
v5_fold3,train,exclude_unknown_relevant_sensitivity,RG,NoR,345
v5_fold3,train,exclude_unknown_relevant_sensitivity,NoR,RR,10
v5_fold3,train,exclude_unknown_relevant_sensitivity,NoR,RG,12
v5_fold3,train,exclude_unknown_relevant_sensitivity,NoR,NoR,153
v5_fold3,train,unique_images_sensitivity,RR,RR,666
v5_fold3,train,unique_images_sensitivity,RR,RG,69
v5_fold3,train,unique_images_sensitivity,RR,NoR,614
v5_fold3,train,unique_images_sensitivity,RG,RR,41
v5_fold3,train,unique_images_sensitivity,RG,RG,349
v5_fold3,train,unique_images_sensitivity,RG,NoR,345
v5_fold3,train,unique_images_sensitivity,NoR,RR,18
v5_fold3,train,unique_images_sensitivity,NoR,RG,21
v5_fold3,train,unique_images_sensitivity,NoR,NoR,266
v5_fold3,train,saved_DTLD_temperature,RR,RR,666
v5_fold3,train,saved_DTLD_temperature,RR,RG,69
v5_fold3,train,saved_DTLD_temperature,RR,NoR,615
v5_fold3,train,saved_DTLD_temperature,RG,RR,41
v5_fold3,train,saved_DTLD_temperature,RG,RG,349
v5_fold3,train,saved_DTLD_temperature,RG,NoR,345
v5_fold3,train,saved_DTLD_temperature,NoR,RR,18
v5_fold3,train,saved_DTLD_temperature,NoR,RG,21
v5_fold3,train,saved_DTLD_temperature,NoR,NoR,266
v5_fold3,all,primary,RR,RR,841
v5_fold3,all,primary,RR,RG,86
v5_fold3,all,primary,RR,NoR,754
v5_fold3,all,primary,RG,RR,48
v5_fold3,all,primary,RG,RG,431
v5_fold3,all,primary,RG,NoR,432
v5_fold3,all,primary,NoR,RR,21
v5_fold3,all,primary,NoR,RG,27
v5_fold3,all,primary,NoR,NoR,348
v5_fold3,all,exclude_unknown_relevant_sensitivity,RR,RR,841
v5_fold3,all,exclude_unknown_relevant_sensitivity,RR,RG,86
v5_fold3,all,exclude_unknown_relevant_sensitivity,RR,NoR,754
v5_fold3,all,exclude_unknown_relevant_sensitivity,RG,RR,48
v5_fold3,all,exclude_unknown_relevant_sensitivity,RG,RG,431
v5_fold3,all,exclude_unknown_relevant_sensitivity,RG,NoR,432
v5_fold3,all,exclude_unknown_relevant_sensitivity,NoR,RR,12
v5_fold3,all,exclude_unknown_relevant_sensitivity,NoR,RG,13
v5_fold3,all,exclude_unknown_relevant_sensitivity,NoR,NoR,194
v5_fold3,all,unique_images_sensitivity,RR,RR,840
v5_fold3,all,unique_images_sensitivity,RR,RG,86
v5_fold3,all,unique_images_sensitivity,RR,NoR,753
v5_fold3,all,unique_images_sensitivity,RG,RR,48
v5_fold3,all,unique_images_sensitivity,RG,RG,431
v5_fold3,all,unique_images_sensitivity,RG,NoR,432
v5_fold3,all,unique_images_sensitivity,NoR,RR,21
v5_fold3,all,unique_images_sensitivity,NoR,RG,27
v5_fold3,all,unique_images_sensitivity,NoR,NoR,348
v5_fold3,all,saved_DTLD_temperature,RR,RR,841
v5_fold3,all,saved_DTLD_temperature,RR,RG,86
v5_fold3,all,saved_DTLD_temperature,RR,NoR,754
v5_fold3,all,saved_DTLD_temperature,RG,RR,48
v5_fold3,all,saved_DTLD_temperature,RG,RG,431
v5_fold3,all,saved_DTLD_temperature,RG,NoR,432
v5_fold3,all,saved_DTLD_temperature,NoR,RR,21
v5_fold3,all,saved_DTLD_temperature,NoR,RG,27
v5_fold3,all,saved_DTLD_temperature,NoR,NoR,348
v5_ensemble4,test,primary,RR,RR,195
v5_ensemble4,test,primary,RR,RG,6
v5_ensemble4,test,primary,RR,NoR,130
v5_ensemble4,test,primary,RG,RR,11
v5_ensemble4,test,primary,RG,RG,68
v5_ensemble4,test,primary,RG,NoR,97
v5_ensemble4,test,primary,NoR,RR,3
v5_ensemble4,test,primary,NoR,RG,2
v5_ensemble4,test,primary,NoR,NoR,86
v5_ensemble4,test,exclude_unknown_relevant_sensitivity,RR,RR,195
v5_ensemble4,test,exclude_unknown_relevant_sensitivity,RR,RG,6
v5_ensemble4,test,exclude_unknown_relevant_sensitivity,RR,NoR,130
v5_ensemble4,test,exclude_unknown_relevant_sensitivity,RG,RR,11
v5_ensemble4,test,exclude_unknown_relevant_sensitivity,RG,RG,68
v5_ensemble4,test,exclude_unknown_relevant_sensitivity,RG,NoR,97
v5_ensemble4,test,exclude_unknown_relevant_sensitivity,NoR,RR,1
v5_ensemble4,test,exclude_unknown_relevant_sensitivity,NoR,RG,0
v5_ensemble4,test,exclude_unknown_relevant_sensitivity,NoR,NoR,43
v5_ensemble4,test,unique_images_sensitivity,RR,RR,195
v5_ensemble4,test,unique_images_sensitivity,RR,RG,6
v5_ensemble4,test,unique_images_sensitivity,RR,NoR,130
v5_ensemble4,test,unique_images_sensitivity,RG,RR,11
v5_ensemble4,test,unique_images_sensitivity,RG,RG,68
v5_ensemble4,test,unique_images_sensitivity,RG,NoR,97
v5_ensemble4,test,unique_images_sensitivity,NoR,RR,3
v5_ensemble4,test,unique_images_sensitivity,NoR,RG,2
v5_ensemble4,test,unique_images_sensitivity,NoR,NoR,86
v5_ensemble4,train,primary,RR,RR,740
v5_ensemble4,train,primary,RR,RG,36
v5_ensemble4,train,primary,RR,NoR,574
v5_ensemble4,train,primary,RG,RR,59
v5_ensemble4,train,primary,RG,RG,301
v5_ensemble4,train,primary,RG,NoR,375
v5_ensemble4,train,primary,NoR,RR,19
v5_ensemble4,train,primary,NoR,RG,13
v5_ensemble4,train,primary,NoR,NoR,273
v5_ensemble4,train,exclude_unknown_relevant_sensitivity,RR,RR,740
v5_ensemble4,train,exclude_unknown_relevant_sensitivity,RR,RG,36
v5_ensemble4,train,exclude_unknown_relevant_sensitivity,RR,NoR,574
v5_ensemble4,train,exclude_unknown_relevant_sensitivity,RG,RR,59
v5_ensemble4,train,exclude_unknown_relevant_sensitivity,RG,RG,301
v5_ensemble4,train,exclude_unknown_relevant_sensitivity,RG,NoR,375
v5_ensemble4,train,exclude_unknown_relevant_sensitivity,NoR,RR,11
v5_ensemble4,train,exclude_unknown_relevant_sensitivity,NoR,RG,9
v5_ensemble4,train,exclude_unknown_relevant_sensitivity,NoR,NoR,155
v5_ensemble4,train,unique_images_sensitivity,RR,RR,740
v5_ensemble4,train,unique_images_sensitivity,RR,RG,36
v5_ensemble4,train,unique_images_sensitivity,RR,NoR,573
v5_ensemble4,train,unique_images_sensitivity,RG,RR,59
v5_ensemble4,train,unique_images_sensitivity,RG,RG,301
v5_ensemble4,train,unique_images_sensitivity,RG,NoR,375
v5_ensemble4,train,unique_images_sensitivity,NoR,RR,19
v5_ensemble4,train,unique_images_sensitivity,NoR,RG,13
v5_ensemble4,train,unique_images_sensitivity,NoR,NoR,273
v5_ensemble4,all,primary,RR,RR,935
v5_ensemble4,all,primary,RR,RG,42
v5_ensemble4,all,primary,RR,NoR,704
v5_ensemble4,all,primary,RG,RR,70
v5_ensemble4,all,primary,RG,RG,369
v5_ensemble4,all,primary,RG,NoR,472
v5_ensemble4,all,primary,NoR,RR,22
v5_ensemble4,all,primary,NoR,RG,15
v5_ensemble4,all,primary,NoR,NoR,359
v5_ensemble4,all,exclude_unknown_relevant_sensitivity,RR,RR,935
v5_ensemble4,all,exclude_unknown_relevant_sensitivity,RR,RG,42
v5_ensemble4,all,exclude_unknown_relevant_sensitivity,RR,NoR,704
v5_ensemble4,all,exclude_unknown_relevant_sensitivity,RG,RR,70
v5_ensemble4,all,exclude_unknown_relevant_sensitivity,RG,RG,369
v5_ensemble4,all,exclude_unknown_relevant_sensitivity,RG,NoR,472
v5_ensemble4,all,exclude_unknown_relevant_sensitivity,NoR,RR,12
v5_ensemble4,all,exclude_unknown_relevant_sensitivity,NoR,RG,9
v5_ensemble4,all,exclude_unknown_relevant_sensitivity,NoR,NoR,198
v5_ensemble4,all,unique_images_sensitivity,RR,RR,934
v5_ensemble4,all,unique_images_sensitivity,RR,RG,42
v5_ensemble4,all,unique_images_sensitivity,RR,NoR,703
v5_ensemble4,all,unique_images_sensitivity,RG,RR,70
v5_ensemble4,all,unique_images_sensitivity,RG,RG,369
v5_ensemble4,all,unique_images_sensitivity,RG,NoR,472
v5_ensemble4,all,unique_images_sensitivity,NoR,RR,22
v5_ensemble4,all,unique_images_sensitivity,NoR,RG,15
v5_ensemble4,all,unique_images_sensitivity,NoR,NoR,359
