domain,model,n,AP_RR,AP_RG,AP_NoR,mAP,acc_bal,accuracy,macro_F1,weighted_F1,ece,nll,brier
DTLD fold-0 validation,v5_fold0,7032,0.8991847132241273,0.9573402057351053,0.20502718908874878,0.6871840360159939,0.7227037299165491,0.8314846416382252,0.6688920914863411,0.8549093150823059,0.0541525259019554,0.4979926059278189,0.2638474284211187
DTLD fold-0 validation,v6_axial_fold0,7032,0.915438575671957,0.9584401539352879,0.24618733296090906,0.706688687522718,0.732121874613255,0.8644766780432309,0.6963742074188296,0.8770011562728499,0.03649772985082514,0.44127728708588254,0.2221604741721558
DTLD fold-0 validation,delta_v6_minus_v5,7032,0.01625386244782967,0.0010999482001826655,0.04116014387216027,0.01950465150672409,0.009418144696705877,0.0329920364050057,0.027482115932488504,0.02209184119054397,-0.01765479605113026,-0.05671531884193637,-0.041686954248962904
DTLD official test,v5_fold0,12453,0.9086723216345883,0.9476416559468396,0.2436135893428699,0.6999758556414326,0.7546709450455605,0.8375491849353569,0.6880382196183737,0.8581552547842483,0.06876012521950874,0.48796660405659975,0.2580825352430488
DTLD official test,v6_axial_fold0,12453,0.9163101923053867,0.9494902645046339,0.2815752995851631,0.7157919187983945,0.7636874997935186,0.8783425680558902,0.7285440571025038,0.8863503511524955,0.04499737785616068,0.40884854650129726,0.20417556904553147
DTLD official test,delta_v6_minus_v5,12453,0.007637870670798352,0.00184860855779434,0.037961710242293195,0.015816063156961935,0.009016554747958039,0.040793383120533266,0.04050583748413006,0.02819509636824724,-0.023762747363348054,-0.07911805755530249,-0.053906966197517336
ATLAS transfer,v5_fold0,528,0.8958379824199,0.7701483496006917,0.7704816569586369,0.8121559963264096,0.7317145447204637,0.7518939393939394,0.7372991958948295,0.7499595015237321,0.058016797518032404,0.650418722462924,0.36445169571514513
ATLAS transfer,v6_axial_fold0,528,0.8211338545123238,0.628593509334951,0.5928962606929207,0.6808745415133984,0.64868097294909,0.6666666666666666,0.6546218406116321,0.6639178554028393,0.1797871167447529,1.006977702837635,0.537862030362009
ATLAS transfer,delta_v6_minus_v5,528,-0.07470412790757619,-0.14155484026574072,-0.17758539626571623,-0.13128145481301112,-0.08303357177137372,-0.08522727272727282,-0.08267735528319742,-0.08604164612089282,0.12177031922672049,0.356558980374711,0.17341033464686384
VZC-TLD published test,v5_fold0,598,0.8948846170658409,0.7314106395000018,0.4387380845820747,0.6883444470493058,0.67102610380556,0.6421404682274248,0.611259463244206,0.6713263798890451,0.07272909389593774,0.8561603872651805,0.49979716557603066
VZC-TLD published test,v6_axial_fold0,598,0.7994690171555316,0.6232181363966822,0.3260769678428133,0.5829213737983424,0.5399817956464482,0.459866220735786,0.46513720197930725,0.5052446526658815,0.3185739066763215,1.431700836954601,0.8133267871049046
VZC-TLD published test,delta_v6_minus_v5,598,-0.09541559991030923,-0.10819250310331963,-0.11266111673926138,-0.10542307325096334,-0.13104430815911183,-0.18227424749163879,-0.14612226126489875,-0.1660817272231636,0.24584481278038378,0.5755404496894204,0.3135296215288739
